PRODUTO;UF;01/01/2023;01/02/2023;01/03/2023;01/04/2023;01/05/2023;01/06/2023;01/07/2023;01/08/2023;01/09/2023;01/10/2023;01/11/2023
AÇÚCAR CRISTAL (2 kg);ES;7.96;8.01;7.46;7.80;8.13;8.33;8.32;8.27;8.36;8.43;8.54
AÇÚCAR CRISTAL (2 kg);GO;7.81;8.07;7.98;8.12;8.43;9.09;9.27;8.46;8.30;8.11;8.48
AÇÚCAR CRISTAL (2 kg);PR;7.61;7.00;7.58;7.58;7.62;7.60;8.09;7.82;7.79;7.25;0.0
AÇÚCAR CRISTAL (2 kg);RO;7.20;7.04;6.91;6.75;6.83;6.53;6.44;6.51;6.29;6.48;6.79
AÇÚCAR CRISTAL (2 kg);TO;7.99;7.90;7.95;8.08;8.20;7.97;7.88;7.86;7.56;7.80;8.14
AÇÚCAR CRISTAL (5.00 kg);DF;16.91;16.80;16.54;16.49;16.67;16.59;16.89;18.09;17.44;17.19;17.95
AÇÚCAR CRISTAL (5 kg);ES;18.32;17.93;17.91;17.61;17.93;18.72;18.20;18.03;18.45;18.70;19.14
AÇÚCAR CRISTAL (5 kg);GO;17.39;17.65;18.06;18.05;18.54;20.09;19.86;19.70;19.08;18.84;19.99
AÇÚCAR CRISTAL (5 kg);MA;19.10;18.84;19.02;19.49;20.67;20.90;19.74;19.76;19.93;19.55;19.02
AÇÚCAR CRISTAL (5 kg);MG;16.15;16.09;15.80;15.52;16.89;15.97;17.46;16.75;16.38;16.09;16.34
AÇÚCAR CRISTAL (5 kg);PR;19.76;17.92;18.90;18.03;19.19;20.49;20.24;18.49;18.29;17.73;17.83
AÇÚCAR CRISTAL (kg);AC;3.99;4.00;4.00;4.00;4.00;3.96;3.92;3.92;3.92;3.95;3.96
AÇÚCAR CRISTAL (kg);AL;3.65;3.61;3.53;3.66;3.98;4.31;4.33;4.20;4.05;3.97;4.12
AÇÚCAR CRISTAL (kg);AM;4.31;4.31;4.38;4.38;4.38;4.33;4.44;4.07;4.06;3.97;3.88
AÇÚCAR CRISTAL (kg);AP;3.65;3.61;3.65;3.81;3.95;4.27;4.30;4.07;3.99;3.97;4.23
AÇÚCAR CRISTAL (kg);BA;3.53;3.60;3.37;3.54;3.87;3.89;3.76;3.67;3.50;3.71;3.95
AÇÚCAR CRISTAL (kg);CE;4.74;4.77;4.55;4.68;4.95;4.92;4.71;4.61;4.49;4.26;4.26
AÇÚCAR CRISTAL (kg);MA;0.0;0.0;0.0;0.0;0.0;0.0;0.0;0.0;0.0;0.0;3.82
AÇÚCAR CRISTAL (kg);MT;3.16;3.16;3.20;3.13;3.18;3.26;3.28;3.41;3.30;3.31;3.51
AÇÚCAR CRISTAL (kg);PA;4.10;3.95;4.48;3.95;3.92;4.16;4.16;4.11;4.06;3.91;4.05
AÇÚCAR CRISTAL (kg);PB;3.98;3.99;3.99;3.99;4.10;4.04;3.93;3.85;3.85;3.85;3.87
AÇÚCAR CRISTAL (kg);PE;3.79;4.13;4.16;4.45;4.55;4.55;4.59;4.34;4.55;4.63;4.65
AÇÚCAR CRISTAL (kg);PI;4.00;3.98;3.93;3.92;4.02;4.27;4.32;4.33;4.30;4.30;4.32
AÇÚCAR CRISTAL (kg);RJ;4.95;4.96;5.15;5.25;5.15;5.24;5.28;5.36;5.22;5.11;5.19
AÇÚCAR CRISTAL (kg);RN;5.12;5.01;5.05;5.05;5.13;5.10;5.11;5.07;5.19;5.30;5.40
AÇÚCAR CRISTAL (kg);RR;4.19;4.54;4.53;4.54;4.76;4.62;4.73;5.00;5.15;5.18;4.89
AÇÚCAR CRISTAL (kg);RS;4.53;4.54;4.46;4.52;4.54;4.42;4.60;4.60;4.64;4.62;4.64
AÇÚCAR CRISTAL (kg);SC;4.51;4.32;4.51;4.51;4.62;4.44;4.63;4.43;4.60;4.40;4.66
AÇÚCAR CRISTAL (kg);SE;3.81;3.87;3.89;3.97;4.26;4.35;4.33;4.23;4.22;4.22;4.16
AÇÚCAR REFINADO (kg);SP;4.25;4.29;4.29;4.28;4.38;4.30;4.63;4.36;4.45;4.43;4.83
ARROZ BENEFICIADO VERMELHO (kg);RN;5.12;5.17;5.16;5.11;5.15;5.03;5.09;5.09;5.02;5.09;5.34
ARROZ LONGO FINO BENEFICIADO TIPO 1 (2 kg);ES;8.96;9.44;9.04;9.17;9.17;8.90;9.03;8.95;9.74;10.24;10.43
ARROZ LONGO FINO BENEFICIADO TIPO 1 (5.00 kg);DF;0.0;0.0;0.0;0.0;0.0;0.0;0.0;0.0;0.0;0.0;22.90
ARROZ LONGO FINO BENEFICIADO TIPO 1 (5 kg);ES;21.38;20.75;19.39;19.99;19.87;19.44;19.23;19.00;20.35;21.29;22.28
ARROZ LONGO FINO BENEFICIADO TIPO 1 (5 kg);GO;22.24;23.44;23.35;23.64;23.56;23.01;22.36;22.43;24.35;24.05;26.81
ARROZ LONGO FINO BENEFICIADO TIPO 1 (5 kg);MA;21.88;24.76;22.88;23.66;23.29;22.10;23.46;22.85;24.19;25.02;25.58
ARROZ LONGO FINO BENEFICIADO TIPO 1 (5 kg);MG;23.49;23.86;23.96;23.44;24.03;23.42;23.05;23.24;24.18;24.30;25.69
ARROZ LONGO FINO BENEFICIADO TIPO 1 (5 kg);MS;23.71;22.77;24.04;25.32;24.79;25.79;24.88;23.19;25.01;24.68;24.75
ARROZ LONGO FINO BENEFICIADO TIPO 1 (5 kg);MT;21.75;22.43;22.45;23.22;23.68;23.39;22.90;23.03;23.01;27.83;29.46
ARROZ LONGO FINO BENEFICIADO TIPO 1 (5 kg);RO;17.98;19.50;20.88;21.23;21.89;21.98;22.53;23.30;25.25;27.33;28.66
ARROZ LONGO FINO BENEFICIADO TIPO 1 (5 kg);SP;23.43;24.10;24.21;24.44;24.36;23.57;23.73;23.11;25.76;25.23;25.94
ARROZ LONGO FINO BENEFICIADO TIPO 1 (5 kg);TO;26.16;26.52;26.13;26.07;27.99;27.88;26.91;26.87;29.35;30.11;32.46
ARROZ LONGO FINO BENEFICIADO TIPO 1 (kg);AC;4.68;4.72;4.71;4.82;4.94;5.05;5.10;5.10;5.10;5.14;5.15
ARROZ LONGO FINO BENEFICIADO TIPO 1 (kg);AL;5.95;5.97;6.19;6.17;6.08;6.15;6.18;6.05;6.02;6.33;7.08
ARROZ LONGO FINO BENEFICIADO TIPO 1 (kg);AM;5.49;5.61;6.07;5.82;5.70;5.69;5.14;5.42;5.67;5.49;5.70
ARROZ LONGO FINO BENEFICIADO TIPO 1 (kg);AP;4.45;4.57;4.76;4.67;5.00;5.11;4.93;4.80;4.93;5.04;5.64
ARROZ LONGO FINO BENEFICIADO TIPO 1 (kg);BA;4.88;4.59;4.60;4.90;4.65;4.55;4.48;4.47;4.73;5.21;5.15
ARROZ LONGO FINO BENEFICIADO TIPO 1 (kg);CE;5.48;5.47;5.49;5.46;5.50;5.36;5.33;5.36;5.36;5.32;5.75
ARROZ LONGO FINO BENEFICIADO TIPO 1 (kg);DF;6.08;5.33;6.38;6.09;6.34;6.54;5.34;7.06;5.23;5.64;5.91
ARROZ LONGO FINO BENEFICIADO TIPO 1 (kg);GO;5.24;5.39;5.28;5.44;5.48;5.80;5.74;5.80;5.98;5.81;5.99
ARROZ LONGO FINO BENEFICIADO TIPO 1 (kg);MA;4.61;5.00;4.57;4.77;4.82;4.41;4.65;4.62;4.80;5.06;5.44
ARROZ LONGO FINO BENEFICIADO TIPO 1 (kg);PA;4.74;4.74;4.85;4.82;4.93;4.76;4.94;4.88;4.97;4.98;5.28
ARROZ LONGO FINO BENEFICIADO TIPO 1 (kg);PB;5.61;5.59;5.59;5.61;5.53;5.22;4.96;4.83;4.75;4.74;4.88
ARROZ LONGO FINO BENEFICIADO TIPO 1 (kg);PE;5.02;5.47;5.44;5.07;5.03;5.15;5.50;5.23;5.13;5.42;5.54
ARROZ LONGO FINO BENEFICIADO TIPO 1 (kg);PI;4.46;4.56;4.65;4.66;4.77;4.86;4.68;4.80;4.89;5.07;5.17
ARROZ LONGO FINO BENEFICIADO TIPO 1 (kg);PR;6.04;5.66;6.90;6.38;6.68;5.87;5.24;5.26;5.63;6.01;5.74
ARROZ LONGO FINO BENEFICIADO TIPO 1 (kg);RJ;5.64;5.54;5.51;5.55;5.55;5.47;5.46;5.47;5.72;5.99;6.21
ARROZ LONGO FINO BENEFICIADO TIPO 1 (kg);RN;5.16;5.24;5.28;5.30;5.35;5.36;5.34;5.35;5.40;5.62;5.49
ARROZ LONGO FINO BENEFICIADO TIPO 1 (kg);RR;4.48;4.78;5.11;5.27;5.46;4.96;5.36;5.07;5.16;5.15;5.04
ARROZ LONGO FINO BENEFICIADO TIPO 1 (kg);RS;5.28;5.40;5.58;5.35;5.19;5.50;5.51;5.39;5.65;5.83;5.98
ARROZ LONGO FINO BENEFICIADO TIPO 1 (kg);SC;5.20;5.16;4.96;4.96;5.02;4.74;4.94;5.18;5.10;5.47;5.64
ARROZ LONGO FINO BENEFICIADO TIPO 1 (kg);SE;5.16;5.33;5.43;5.81;5.58;5.68;5.79;5.65;5.84;5.94;5.66
ARROZ LONGO FINO BENEFICIADO TIPO 2 (kg);AC;3.00;3.00;3.00;3.03;3.07;3.06;3.05;3.05;3.05;3.09;3.10
ARROZ LONGO FINO BENEFICIADO TIPO 2 (kg);AL;3.92;3.99;3.99;3.92;3.99;3.97;4.12;4.38;4.38;4.80;0
ARROZ LONGO FINO BENEFICIADO TIPO 2 (kg);SE;4.90;5.06;5.13;5.34;5.27;4.89;4.97;4.72;4.84;5.07;5.01
ARROZ LONGO FINO PARBOILIZADO TIPO 1 (kg);SC;4.71;4.66;4.41;4.58;4.79;4.53;4.51;4.59;4.81;5.33;5.36
BATATA INGLESA (kg);AL;7.19;5.57;5.34;5.58;4.95;5.00;4.99;4.40;4.19;3.97;0
BATATA INGLESA (kg);AM;7.77;7.23;7.16;7.75;7.68;6.97;6.71;6.50;6.18;0.0;0.0
BATATA INGLESA (kg);BA;6.70;5.87;5.55;5.93;5.36;5.41;5.80;5.38;4.42;4.42;0.0
BATATA INGLESA (kg);CE;8.26;7.35;7.78;7.71;7.07;6.88;7.36;6.88;6.46;5.66;0.0
BATATA INGLESA (kg);DF;6.22;6.29;5.86;5.37;5.47;5.04;6.24;3.34;3.44;0.0;0.0
BATATA INGLESA (kg);ES;9.55;8.19;5.41;7.77;7.10;7.02;7.09;5.89;5.11;6.18;6.92
BATATA INGLESA (kg);GO;7.48;6.53;5.38;5.67;5.84;5.64;5.89;4.48;3.93;0.0;0.0
BATATA INGLESA (kg);MG;7.99;5.33;5.38;6.60;6.16;4.96;5.65;4.69;4.01;4.53;5.71
BATATA INGLESA (kg);PA;7.94;7.29;6.87;6.22;6.00;5.84;6.34;6.27;5.16;4.42;0.0
BATATA INGLESA (kg);PB;6.80;6.91;6.41;6.00;5.90;5.59;5.48;5.43;5.38;5.24;0.0
BATATA INGLESA (kg);PE;8.10;7.65;6.94;7.61;6.58;6.11;6.15;5.17;4.64;5.11;6.69
BATATA INGLESA (kg);PI;5.19;4.99;4.35;4.48;4.63;4.54;5.54;5.35;5.19;4.60;5.09
BATATA INGLESA (kg);RJ;7.20;5.70;5.58;6.00;4.88;6.33;5.75;4.38;3.59;0.0;0.0
BATATA INGLESA (kg);RO;5.98;5.21;4.19;4.00;4.39;4.76;4.92;3.78;3.48;0.0;0.0
BATATA INGLESA (kg);SC;5.81;5.49;3.88;4.50;4.73;6.25;5.57;3.84;3.19;4.58;0.0
BATATA INGLESA (kg);SP;7.55;6.81;6.34;5.98;5.94;6.24;6.28;6.08;5.25;0.0;0.0
BATATA INGLESA (kg);TO;6.54;6.19;5.99;5.92;5.27;5.96;6.01;3.25;3.38;0.0;0.0
BATATA INGLESA LISA (kg);PR;5.90;3.63;2.73;4.43;3.52;4.13;3.47;2.68;2.53;4.06;0.0
CAFÉ MOÍDO E TORRADO (250 g);CE;8.71;8.70;8.68;8.70;8.71;8.73;8.77;8.66;8.48;8.00;7.96
CAFÉ MOÍDO E TORRADO (250 g);DF;9.12;10.10;8.51;8.62;7.13;6.61;6.54;8.20;8.47;7.67;7.29
CAFÉ MOÍDO E TORRADO (250 g);ES;7.70;7.43;7.10;7.07;6.79;6.59;6.40;6.53;6.43;6.35;6.22
CAFÉ MOÍDO E TORRADO (250 g);GO;10.09;9.85;9.72;9.46;9.43;9.45;9.44;9.61;9.38;9.23;9.37
CAFÉ MOÍDO E TORRADO (250 g);MA;7.61;8.16;7.29;7.85;7.67;7.31;7.49;7.26;7.21;7.22;6.80
CAFÉ MOÍDO E TORRADO (250 g);MT;7.48;7.38;7.25;7.46;7.42;6.98;6.93;6.84;6.58;6.54;6.74
CAFÉ MOÍDO E TORRADO (250 g);PA;6.85;7.33;6.70;6.18;7.02;6.79;7.17;6.99;7.34;7.03;6.88
CAFÉ MOÍDO E TORRADO (250 g);PB;7.92;7.90;7.89;7.83;7.72;7.33;6.98;6.85;6.85;6.81;6.67
CAFÉ MOÍDO E TORRADO (250 g);PE;7.99;8.00;7.99;7.90;7.54;7.71;7.79;7.56;7.22;7.25;7.56
CAFÉ MOÍDO E TORRADO (250 g);PR;10.10;9.56;10.23;10.20;10.03;9.98;0.0;0.0;0.0;0.0;0.0
CAFÉ MOÍDO E TORRADO (250 g);RJ;9.26;9.00;9.24;9.11;9.12;8.87;9.00;9.03;8.77;8.64;8.56
CAFÉ MOÍDO E TORRADO (250 g);RN;9.96;9.76;9.79;9.83;9.90;9.75;9.79;9.90;10.14;10.94;10.25
CAFÉ MOÍDO E TORRADO (250 g);RO;7.42;7.00;7.47;7.34;7.15;6.75;6.74;7.09;6.78;7.08;7.19
CAFÉ MOÍDO E TORRADO (250 g);RS;9.14;9.13;10.06;10.21;9.53;9.66;9.54;8.88;8.72;9.12;8.46
CAFÉ MOÍDO E TORRADO (250 g);SE;8.49;8.34;8.10;8.28;8.26;8.33;8.03;8.07;8.07;8.18;8.00
CAFÉ MOÍDO E TORRADO (250 g);TO;7.73;8.08;8.48;8.09;7.73;7.74;7.71;8.04;8.11;7.27;7.33
CAFÉ MOÍDO E TORRADO (500 g);AL;16.60;16.73;17.09;16.97;16.99;16.97;16.89;16.95;16.96;16.94;16.95
CAFÉ MOÍDO E TORRADO (500 g);AP;14.54;14.54;14.54;14.76;14.62;14.78;14.78;15.18;15.79;15.29;14.68
CAFÉ MOÍDO E TORRADO (500 g);MG;16.66;16.47;16.69;16.03;15.89;15.69;14.52;15.53;15.61;15.96;15.87
CAFÉ MOÍDO E TORRADO (500 g);PR;0.0;0.0;0.0;0.0;0.0;13.41;13.28;13.25;12.44;11.92;12.01
CAFÉ MOÍDO E TORRADO (500 g);RR;16.86;15.36;17.00;17.50;16.47;9.10;8.96;8.91;8.96;8.99;9.07
CAFÉ MOÍDO E TORRADO (500 g);SC;15.88;15.99;15.71;14.67;14.84;14.80;14.33;14.14;13.43;13.39;13.59
CAFÉ MOÍDO E TORRADO (500 g);SP;15.75;15.74;15.65;15.77;16.57;15.58;16.00;15.44;14.91;15.56;14.10
CARNE BOVINA ACÉM (kg);PR;27.07;28.52;32.73;34.38;32.85;30.77;24.75;24.97;25.35;24.70;26.47
CARNE BOVINA CHARQUE PA CRAY-O-VAC (500 g);CE;23.95;23.36;23.50;23.66;23.30;23.63;22.16;22.13;22.89;22.32;0.0
CARNE BOVINA CHARQUE PA CRAY-O-VAC (500 g);GO;28.07;27.45;25.91;26.81;23.83;24.96;25.06;24.90;25.91;24.78;0.0
CARNE BOVINA CHARQUE PA CRAY-O-VAC (500 g);PB;21.00;20.80;20.32;20.34;20.06;19.71;19.55;19.33;19.16;19.00;18.88
CARNE BOVINA CHARQUE PA CRAY-O-VAC (500 g);PE;23.63;23.00;23.00;21.88;20.71;20.38;19.49;18.45;17.40;16.63;15.98
CARNE BOVINA CHARQUE PA CRAY-O-VAC (500 g);PR;33.88;33.64;31.52;32.80;34.50;32.53;30.95;31.65;31.29;30.28;27.93
CARNE BOVINA CHARQUE PA CRAY-O-VAC (500 g);SP;20.38;19.77;19.90;19.33;20.05;19.22;19.63;19.03;19.60;19.30;0.0
CARNE BOVINA CHARQUE PA MANTA (kg);CE;48.00;48.00;48.00;48.00;48.00;48.00;48.00;48.00;48.00;0.0;0.0
CARNE BOVINA CHARQUE PA MANTA (kg);GO;49.59;46.74;50.18;54.37;48.50;48.34;50.91;48.12;48.29;42.70;0.0
CARNE BOVINA CHARQUE PA MANTA (kg);PE;41.76;42.17;43.04;41.25;40.05;34.45;30.83;28.30;27.96;27.50;27.11
CARNE BOVINA CHARQUE PA MANTA (kg);RJ;37.96;37.07;37.64;34.66;34.12;32.98;31.71;30.49;30.65;27.98;0.0
CARNE BOVINA CHARQUE PA MANTA (kg);SE;48.90;50.48;48.12;52.49;51.69;54.98;0.0;0.0;0.0;64.56;0.0
CARNE BOVINA COSTELA (kg);ES;25.71;27.58;22.67;26.49;26.06;23.95;24.37;24.60;23.11;22.95;0.0
CARNE BOVINA COSTELA MINDINHA (kg);TO;24.00;23.86;22.22;23.00;22.43;22.45;22.33;22.23;22.93;24.00;0.0
CARNE BOVINA DIANTEIRO COM OSSO (kg);CE;28.28;26.53;27.78;27.91;27.52;26.34;25.56;25.78;23.96;23.18;0.0
CARNE BOVINA PONTA DE AGULHA (kg);AC;30.00;28.33;28.00;28.00;28.00;28.00;28.00;28.00;28.00;0.0;0.0
CARNE BOVINA PONTA DE AGULHA (kg);AP;22.00;21.99;22.00;22.97;23.74;0.0;22.74;22.00;22.23;22.00;0.0
CARNE BOVINA PONTA DE AGULHA (kg);DF;17.50;19.64;19.99;19.99;19.40;20.95;20.49;19.86;18.94;21.47;16.12
CARNE BOVINA PONTA DE AGULHA (kg);GO;21.28;20.37;19.64;19.53;19.17;17.97;18.57;17.48;17.23;18.22;0.0
CARNE BOVINA PONTA DE AGULHA (kg);MG;22.35;21.60;26.00;28.58;27.64;29.66;17.97;23.37;24.45;24.60;0.0
CARNE BOVINA PONTA DE AGULHA (kg);MS;21.87;20.53;19.21;20.61;19.91;20.12;19.34;13.84;13.94;12.47;0.0
CARNE BOVINA PONTA DE AGULHA (kg);PB;30.19;29.86;29.16;29.18;28.62;27.89;28.00;28.26;27.18;25.57;0.0
CARNE BOVINA PONTA DE AGULHA (kg);PI;22.30;22.10;22.00;21.89;21.81;23.18;23.33;23.46;23.38;21.74;23.98
CARNE BOVINA PONTA DE AGULHA (kg);RO;23.22;22.83;22.68;22.70;23.21;23.81;20.44;20.90;19.66;21.95;0.0
CARNE BOVINA PONTA DE AGULHA (kg);RS;32.63;37.30;36.81;36.90;30.97;29.07;24.15;26.92;29.48;30.06;0.0
CARNE BOVINA PONTA DE AGULHA (kg);SE;24.48;25.36;23.89;23.40;22.58;22.49;21.87;21.29;20.35;20.29;0.0
CARNE BOVINA PONTA DE AGULHA (kg);SP;25.59;26.00;26.04;24.98;25.83;24.37;25.04;26.08;25.42;24.90;0.0
CARNE BOVINA TRASEIRO SEM OSSO (kg);CE;42.36;45.04;44.94;45.50;45.53;43.35;42.04;39.10;37.98;40.64;0.0
CARNE DE FRANGO CONGELADA SEM MIÚDOS (kg);SC;10.75;11.38;9.68;9.94;9.60;10.16;9.24;9.68;8.58;10.37;0.0
CARNE DE FRANGO CONGELADO (kg);AC;9.23;9.25;9.25;9.23;9.22;9.22;9.22;9.23;9.23;0.0;0.0
CARNE DE FRANGO CONGELADO (kg);AL;12.99;13.11;13.82;12.88;13.68;12.41;12.79;13.01;13.28;12.99;0.0
CARNE DE FRANGO CONGELADO (kg);AM;10.57;10.31;10.55;9.73;9.27;10.02;9.57;9.33;9.03;9.32;0.0
CARNE DE FRANGO CONGELADO (kg);AP;10.94;10.83;10.86;9.58;9.76;9.78;9.41;8.89;8.90;8.89;0.0
CARNE DE FRANGO CONGELADO (kg);BA;9.17;8.92;7.96;8.01;8.04;7.76;7.32;6.98;7.01;7.27;8.04
CARNE DE FRANGO CONGELADO (kg);CE;14.01;12.88;11.62;13.15;13.11;12.82;12.70;12.02;9.73;12.29;0.0
CARNE DE FRANGO CONGELADO (kg);DF;8.78;8.74;7.86;6.98;7.54;7.69;7.49;6.93;6.75;7.14;7.39
CARNE DE FRANGO CONGELADO (kg);ES;13.28;13.78;11.82;12.05;10.96;11.31;10.34;8.80;9.34;9.25;0.0
CARNE DE FRANGO CONGELADO (kg);GO;8.87;8.26;8.65;8.70;7.62;8.00;8.00;7.50;8.35;7.71;0.0
CARNE DE FRANGO CONGELADO (kg);MG;12.38;11.89;13.79;13.64;13.73;13.70;8.17;10.42;13.32;13.03;13.02
CARNE DE FRANGO CONGELADO (kg);MS;12.29;12.49;11.13;10.47;10.79;10.11;11.45;8.92;8.55;8.35;0.0
CARNE DE FRANGO CONGELADO (kg);MT;10.38;9.17;9.14;8.75;8.40;7.98;7.27;7.08;7.08;7.99;0.0
CARNE DE FRANGO CONGELADO (kg);PA;10.16;9.62;9.13;9.00;8.58;8.48;8.53;8.39;8.24;7.86;0.0
CARNE DE FRANGO CONGELADO (kg);PB;12.90;12.90;12.91;12.99;13.13;12.80;12.55;12.28;12.13;12.18;0.0
CARNE DE FRANGO CONGELADO (kg);PE;10.99;10.99;11.05;11.10;11.03;10.66;9.80;8.86;8.46;8.13;8.00
CARNE DE FRANGO CONGELADO (kg);PI;11.55;11.29;11.41;11.39;11.47;10.73;10.02;9.90;9.82;10.04;9.51
CARNE DE FRANGO CONGELADO (kg);PR;0.0;0.0;0.0;0.0;0.0;0.0;0.0;9.55;8.78;8.16;10.18
CARNE DE FRANGO CONGELADO (kg);RJ;12.99;11.92;11.64;11.99;11.31;10.44;9.16;9.49;9.94;10.34;0.0
CARNE DE FRANGO CONGELADO (kg);RN;12.71;12.48;12.46;12.43;12.33;12.08;11.72;11.62;11.61;11.64;0.0
CARNE DE FRANGO CONGELADO (kg);RR;11.25;11.95;11.77;9.47;9.24;9.24;7.90;7.92;7.92;0.0;0.0
CARNE DE FRANGO CONGELADO (kg);RS;10.91;9.55;9.46;9.69;10.84;9.70;9.44;10.54;10.76;9.94;12.52
CARNE DE FRANGO CONGELADO (kg);SE;12.47;12.02;11.79;12.58;12.45;12.16;11.89;11.25;11.19;12.11;0.0
CARNE DE FRANGO CONGELADO (kg);SP;9.26;8.98;9.11;9.24;10.10;9.22;9.05;8.29;9.27;9.56;9.57
CARNE DE FRANGO CONGELADO (kg);TO;9.49;8.97;8.44;8.69;8.45;7.92;8.06;7.23;7.63;8.39;0.0
CARNE DE FRANGO RESFRIADO (kg);AL;14.94;15.39;15.13;15.21;14.24;14.13;13.61;13.09;13.59;13.09;0.0
CARNE DE FRANGO RESFRIADO (kg);BA;9.82;8.85;8.53;8.56;8.76;8.19;7.64;7.55;8.33;8.49;0.0
CARNE DE FRANGO RESFRIADO (kg);CE;12.70;12.59;12.84;12.75;12.45;12.82;12.10;11.35;11.50;11.02;0.0
CARNE DE FRANGO RESFRIADO (kg);DF;7.34;7.31;8.39;6.54;6.71;6.49;7.87;6.59;7.29;7.23;6.99
CARNE DE FRANGO RESFRIADO (kg);ES;15.67;15.83;12.52;13.78;14.46;13.99;14.76;14.60;14.14;13.79;0.0
CARNE DE FRANGO RESFRIADO (kg);GO;9.66;8.87;8.74;8.26;8.99;8.46;8.41;8.62;8.83;8.25;0.0
CARNE DE FRANGO RESFRIADO (kg);MG;14.95;13.09;14.64;14.85;14.72;14.53;8.72;11.17;14.01;13.92;0.0
CARNE DE FRANGO RESFRIADO (kg);MS;13.53;13.42;12.98;12.98;13.07;12.75;12.98;12.98;12.98;12.98;0.0
CARNE DE FRANGO RESFRIADO (kg);PA;11.39;11.58;11.64;11.62;11.53;11.04;11.47;11.81;11.61;11.67;0.0
CARNE DE FRANGO RESFRIADO (kg);PB;13.32;13.30;13.46;13.70;13.71;13.45;13.16;12.88;12.74;12.56;0.0
CARNE DE FRANGO RESFRIADO (kg);PE;11.99;12.00;12.10;12.02;12.16;11.59;10.36;9.31;8.70;9.00;9.00
CARNE DE FRANGO RESFRIADO (kg);PI;13.45;13.41;13.48;12.58;12.49;12.09;11.39;10.95;11.43;11.64;11.26
CARNE DE FRANGO RESFRIADO (kg);PR;15.60;15.14;14.93;15.03;15.62;15.40;12.95;12.04;0.0;0.0;0.0
CARNE DE FRANGO RESFRIADO (kg);RN;10.39;9.94;9.81;10.31;9.97;9.67;9.80;8.98;9.27;8.34;0.0
CARNE DE FRANGO RESFRIADO (kg);RS;12.50;13.09;13.31;12.39;12.72;12.78;12.38;12.18;12.60;13.21;0.0
CARNE DE FRANGO RESFRIADO (kg);SE;12.84;13.24;12.61;12.57;12.18;12.55;12.59;12.03;11.62;11.04;0.0
CARNE SUÍNA CONGELADO PERNIL COM OSSO (kg);ES;18.82;19.70;16.64;19.34;17.02;16.97;16.99;17.27;16.91;17.69;0.0
CARNE SUÍNA CONGELADO PERNIL COM OSSO (kg);PA;18.32;19.52;17.15;17.41;17.97;19.36;17.46;17.31;15.65;15.26;0.0
CARNE SUÍNA RESFRIADO PERNIL COM OSSO (kg);CE;25.46;25.84;25.68;26.00;26.01;25.82;25.86;25.72;25.76;24.30;0.0
CARNE SUÍNA RESFRIADO PERNIL COM OSSO (kg);DF;13.29;11.82;12.64;10.24;10.77;10.31;10.99;10.99;10.25;10.99;10.62
CARNE SUÍNA RESFRIADO PERNIL COM OSSO (kg);GO;15.04;15.13;15.57;14.83;15.02;14.74;14.32;14.07;14.16;14.01;0.0
CARNE SUÍNA RESFRIADO PERNIL COM OSSO (kg);MA;17.89;17.10;17.77;17.35;16.06;16.12;15.22;15.64;16.38;15.37;0.0
CARNE SUÍNA RESFRIADO PERNIL COM OSSO (kg);MG;20.05;18.13;21.78;23.28;23.14;23.47;14.31;20.83;24.36;23.83;0.0
CARNE SUÍNA RESFRIADO PERNIL COM OSSO (kg);MS;15.41;14.89;15.34;15.08;15.17;14.68;14.57;9.96;10.14;9.99;0.0
CARNE SUÍNA RESFRIADO PERNIL COM OSSO (kg);MT;17.90;17.86;18.01;18.15;18.48;18.34;18.40;18.40;18.40;17.90;0.0
CARNE SUÍNA RESFRIADO PERNIL COM OSSO (kg);PB;19.75;19.70;19.68;19.49;19.37;18.95;18.75;18.53;18.53;18.45;0.0
CARNE SUÍNA RESFRIADO PERNIL COM OSSO (kg);PI;18.58;18.68;18.20;18.23;18.30;20.33;17.90;18.20;18.33;18.58;17.70
CARNE SUÍNA RESFRIADO PERNIL COM OSSO (kg);PR;17.25;17.08;15.95;16.45;16.06;15.81;12.72;13.06;12.86;15.49;0.0
CARNE SUÍNA RESFRIADO PERNIL COM OSSO (kg);RN;17.73;18.47;19.09;18.86;18.31;17.95;17.02;17.65;18.04;17.19;0.0
CARNE SUÍNA RESFRIADO PERNIL COM OSSO (kg);RO;17.12;16.62;17.39;18.52;17.30;18.87;17.02;17.28;16.12;18.93;0.0
CARNE SUÍNA RESFRIADO PERNIL COM OSSO (kg);RR;26.00;27.00;27.00;21.74;17.41;15.61;14.75;14.94;15.87;0.0;0.0
CARNE SUÍNA RESFRIADO PERNIL COM OSSO (kg);RS;19.52;20.18;19.11;19.49;18.23;16.33;16.04;17.29;17.21;18.36;17.81
CARNE SUÍNA RESFRIADO PERNIL COM OSSO (kg);SC;18.11;15.52;15.30;14.96;15.78;13.98;13.22;12.94;15.23;14.20;0.0
CARNE SUÍNA RESFRIADO PERNIL COM OSSO (kg);SP;16.77;16.59;17.08;16.46;17.14;17.02;18.28;17.17;15.92;16.10;0.0
CARNE SUÍNA RESFRIADO PERNIL COM OSSO (kg);TO;19.99;19.72;19.00;19.00;18.65;17.32;17.33;17.41;18.77;20.00;0.0
CEBOLA AMARELA (kg);PR;5.65;4.08;3.37;3.70;3.32;3.73;3.24;2.87;3.41;2.98;0.0
CEBOLA AMARELA (kg);SC;5.21;5.01;4.29;4.17;3.78;3.88;4.45;3.69;3.51;3.81;0.0
CEBOLA CLASSE 3, EXTRA AMARELA (kg);RS;6.79;5.33;5.49;4.95;4.62;4.77;4.80;4.51;3.91;4.72;0.0
CEBOLA (kg);AL;7.25;6.33;5.30;5.16;4.68;4.85;5.15;4.83;4.13;3.79;0.0
CEBOLA (kg);AM;10.17;7.28;7.03;7.04;6.98;6.19;5.82;5.92;5.62;0.0;0.0
CEBOLA (kg);BA;7.85;6.65;5.89;5.98;5.90;6.07;5.17;5.18;4.71;4.15;0.0
CEBOLA (kg);CE;10.44;7.67;7.38;7.03;6.72;5.78;6.06;6.11;6.09;5.16;0.0
CEBOLA (kg);DF;7.15;4.71;4.25;3.82;3.81;3.68;3.94;3.90;3.30;0.0;0.0
CEBOLA (kg);ES;8.01;7.07;4.94;5.81;5.96;6.50;5.66;5.60;4.99;5.27;7.90
CEBOLA (kg);GO;7.00;6.19;6.25;4.95;4.88;4.72;4.49;4.00;3.85;0.0;0.0
CEBOLA (kg);MG;8.61;5.57;5.51;5.36;6.35;5.25;4.99;4.68;4.55;4.15;5.85
CEBOLA (kg);MS;5.34;5.23;5.78;5.27;5.29;4.79;5.26;5.31;4.96;0.0;0.0
CEBOLA (kg);PA;9.76;7.17;6.47;5.91;5.74;5.76;5.95;5.45;5.19;4.78;0.0
CEBOLA (kg);PB;7.88;7.40;6.32;5.60;5.12;5.00;4.85;4.85;4.85;4.63;0.0
CEBOLA (kg);PI;8.43;6.59;5.72;5.03;5.45;5.52;5.51;5.74;6.23;5.60;5.12
CEBOLA (kg);RN;7.19;6.63;6.13;5.48;4.99;5.05;5.09;5.03;4.49;3.37;0.0
CEBOLA (kg);RO;5.55;4.76;4.31;4.18;4.30;4.54;3.83;3.70;3.37;0.0;0.0
CEBOLA (kg);SE;8.16;6.64;6.47;6.24;5.72;4.89;5.90;5.56;4.27;3.22;0.0
CEBOLA (kg);TO;8.37;6.11;5.40;4.78;4.46;5.01;5.29;4.76;4.83;0.0;0.0
EXTRATO DE TOMATE (310.00 g);PR;6.20;5.92;6.41;6.63;7.00;6.31;5.71;4.75;4.56;3.35;3.65
EXTRATO DE TOMATE (340 g);AL;4.14;3.05;6.38;5.16;4.14;3.79;3.90;3.73;3.71;3.62;3.81
EXTRATO DE TOMATE (340 g);CE;7.17;7.67;7.84;7.95;8.04;7.37;7.24;7.66;7.71;4.71;7.24
EXTRATO DE TOMATE (340 g);GO;4.79;4.77;5.02;5.02;5.25;4.87;5.05;4.82;4.74;4.83;4.79
EXTRATO DE TOMATE (340 g);MA;2.38;2.19;5.59;0.0;5.09;0.0;4.99;4.96;5.33;4.63;4.94
EXTRATO DE TOMATE (340 g);MT;1.50;1.59;1.65;1.65;1.35;1.35;1.80;1.80;1.80;1.80;1.80
EXTRATO DE TOMATE (340 g);PB;3.23;3.23;3.25;3.23;3.20;3.25;3.35;3.35;3.33;3.43;3.77
EXTRATO DE TOMATE (340 g);PE;2.89;2.93;3.15;3.37;3.46;3.68;3.70;3.68;3.49;3.40;3.45
EXTRATO DE TOMATE (340 g);PI;0.0;0.0;0.0;0.0;0.0;0.0;0.0;0.0;0.0;0.0;3.64
EXTRATO DE TOMATE (340 g);PR;5.17;0.0;0.0;0.0;0.0;0.0;0.0;0.0;0.0;0.0;0.0
EXTRATO DE TOMATE (340 g);RJ;5.84;5.70;5.74;5.79;6.01;6.50;6.61;6.68;7.12;6.98;6.54
EXTRATO DE TOMATE (340 g);RN;2.83;2.77;2.49;2.51;2.60;2.28;2.52;2.65;2.19;2.16;2.30
EXTRATO DE TOMATE (340 g);RS;4.85;5.19;5.46;5.27;2.89;4.99;5.89;5.75;5.40;5.49;5.49
EXTRATO DE TOMATE (340 g);SE;3.69;3.56;3.72;3.89;3.98;3.72;3.92;3.82;3.74;4.62;4.39
EXTRATO DE TOMATE (340 g);SP;5.31;5.55;5.83;5.98;5.99;6.14;6.21;5.83;6.11;6.16;6.55
EXTRATO DE TOMATE (340 g);TO;3.81;3.82;3.76;3.55;3.18;3.05;3.20;2.94;2.51;2.70;3.55
FARINHA DE MANDIOCA CRUA FINA TIPO 1 (kg);RN;6.52;6.70;7.01;7.05;7.24;7.46;7.57;7.58;7.59;8.10;8.14
FARINHA DE MANDIOCA CRUA FINA TIPO 1 (kg);RS;8.71;8.13;8.99;9.42;9.65;9.48;9.35;9.31;8.82;8.56;8.75
FARINHA DE MANDIOCA CRUA FINA TIPO 1 (kg);SP;10.80;11.32;11.46;12.13;12.40;11.94;12.13;11.68;12.31;12.26;12.61
FARINHA DE MANDIOCA FINA TIPO 1 D ÁGUA E MISTA (kg);CE;7.47;8.17;8.72;9.16;9.44;9.30;9.03;8.93;8.70;8.61;6.37
FARINHA DE MANDIOCA FINA TIPO 1 SECA (kg);BA;5.78;5.96;6.36;6.86;6.63;6.50;5.75;5.41;4.99;4.46;4.72
FARINHA DE MANDIOCA FINA TIPO 1 SECA (kg);MS;11.60;11.50;10.36;12.43;12.04;13.80;13.73;13.93;13.59;12.66;11.97
FARINHA DE MANDIOCA FINA TIPO 1 SECA (kg);RJ;8.24;8.31;8.13;8.30;7.98;7.67;7.53;7.62;7.42;6.73;6.77
FARINHA DE MANDIOCA FINA TIPO 1 SECA (kg);SC;8.23;8.74;8.48;8.89;8.68;8.81;8.67;8.25;8.33;8.29;8.10
FARINHA DE MANDIOCA FINA TIPO 1 SECA (kg);SE;7.29;6.64;7.54;7.63;8.01;7.90;8.02;7.91;8.02;9.10;9.42
FARINHA DE MANDIOCA FINA TIPO 1, TORRADA (kg);DF;8.31;7.46;7.86;8.33;8.29;6.73;7.07;7.97;6.80;7.81;7.87
FARINHA DE MANDIOCA FINA TIPO 3 D ÁGUA E MISTA (kg);MA;7.43;7.31;7.88;7.76;7.60;6.84;6.79;6.98;7.47;0.0;0.0
FARINHA DE MANDIOCA GROSSA(O) TIPO 1 D ÁGUA (kg);AM;9.02;9.17;8.90;9.04;8.90;9.30;8.78;7.83;8.11;7.70;7.83
FARINHA DE MANDIOCA GROSSA(O) TIPO 1 D ÁGUA (kg);MA;7.42;7.35;7.88;7.76;7.60;6.84;6.80;6.98;6.86;6.46;6.24
FARINHA DE MANDIOCA GROSSA(O) TIPO 1 D ÁGUA (kg);RR;11.22;11.87;12.26;13.67;14.00;14.95;14.33;12.95;12.18;12.43;13.99
FARINHA DE MANDIOCA MÉDIA TIPO 1 SECA (kg);AC;4.69;4.78;4.78;4.79;4.83;4.92;4.94;4.94;4.94;4.97;4.98
FARINHA DE MANDIOCA MÉDIA TIPO 1 SECA (kg);AL;6.26;6.27;6.66;7.22;7.49;7.81;7.77;7.81;7.79;7.67;7.45
FARINHA DE MANDIOCA MÉDIA TIPO 1 SECA (kg);AM;8.32;7.98;8.36;8.14;7.87;7.85;7.90;7.25;7.54;7.13;7.13
FARINHA DE MANDIOCA MÉDIA TIPO 1 SECA (kg);AP;8.62;8.83;8.84;8.36;9.51;9.89;10.18;9.38;9.33;8.78;6.60
FARINHA DE MANDIOCA MÉDIA TIPO 1 SECA (kg);CE;6.44;6.13;6.39;7.05;7.16;7.02;6.90;6.44;7.11;8.61;6.30
FARINHA DE MANDIOCA MÉDIA TIPO 1 SECA (kg);ES;8.11;8.27;8.22;8.32;8.42;7.66;7.27;7.20;6.97;6.96;6.91
FARINHA DE MANDIOCA MÉDIA TIPO 1 SECA (kg);GO;9.18;9.69;8.79;8.70;8.62;8.61;8.59;8.51;8.40;8.04;7.98
FARINHA DE MANDIOCA MÉDIA TIPO 1 SECA (kg);MA;7.60;7.44;7.76;7.99;7.93;7.10;6.78;7.02;6.63;6.37;6.39
FARINHA DE MANDIOCA MÉDIA TIPO 1 SECA (kg);MG;6.16;6.79;6.42;5.72;5.79;6.19;6.97;5.72;6.27;5.86;6.07
FARINHA DE MANDIOCA MÉDIA TIPO 1 SECA (kg);MT;7.65;7.90;8.02;7.95;8.05;8.17;7.76;8.01;8.00;7.68;7.71
FARINHA DE MANDIOCA MÉDIA TIPO 1 SECA (kg);PA;8.22;8.21;8.41;8.08;8.27;7.37;8.99;7.29;6.51;6.01;6.59
FARINHA DE MANDIOCA MÉDIA TIPO 1 SECA (kg);PB;6.64;6.64;6.76;6.92;6.88;6.88;6.80;6.80;6.80;6.80;6.71
FARINHA DE MANDIOCA MÉDIA TIPO 1 SECA (kg);PE;6.92;7.01;7.03;7.08;7.19;7.84;7.91;7.75;7.81;7.90;8.03
FARINHA DE MANDIOCA MÉDIA TIPO 1 SECA (kg);PI;6.58;6.86;7.00;7.17;7.35;8.75;8.28;8.20;7.36;7.11;7.47
FARINHA DE MANDIOCA MÉDIA TIPO 1 SECA (kg);RO;7.10;7.20;6.98;6.85;7.49;7.49;7.24;7.29;7.16;7.22;6.89
FARINHA DE MANDIOCA MÉDIA TIPO 1 SECA (kg);TO;6.57;6.98;7.46;7.74;7.73;7.27;7.07;7.27;7.31;6.75;6.76
FARINHA DE MANDIOCA MÉDIA TIPO 2 D ÁGUA (kg);PA;7.98;8.02;8.35;8.15;7.97;7.46;8.97;8.13;6.82;6.30;6.49
FARINHA DE MANDIOCA TIPO 1 BRANCA (kg);PR;8.70;8.23;8.93;9.59;10.29;9.92;8.64;8.77;8.92;8.74;8.84
FARINHA DE MANDIOCA TIPO 1, TORRADA (kg);PR;9.53;10.68;9.77;9.60;10.71;10.08;8.25;9.13;9.58;8.42;9.40
FARINHA DE TRIGO COMUM (kg);AC;4.78;4.83;4.85;4.88;4.93;5.06;5.10;5.20;5.13;5.12;5.12
FARINHA DE TRIGO COMUM (kg);AL;6.80;6.92;6.93;7.19;7.18;6.78;7.00;7.07;6.65;6.89;6.59
FARINHA DE TRIGO COMUM (kg);AM;6.14;6.21;6.37;6.53;6.08;6.13;5.96;5.91;5.90;5.90;5.67
FARINHA DE TRIGO COMUM (kg);AP;6.29;6.28;6.36;6.22;6.66;6.63;6.34;6.42;6.84;6.68;5.89
FARINHA DE TRIGO COMUM (kg);BA;5.67;5.36;5.23;5.24;5.12;4.94;4.76;4.47;4.40;4.39;4.44
FARINHA DE TRIGO COMUM (kg);CE;6.41;6.72;7.02;6.79;6.72;6.61;6.17;5.91;5.65;5.74;5.42
FARINHA DE TRIGO COMUM (kg);DF;4.35;4.59;4.99;4.74;4.69;4.30;3.84;4.51;4.09;4.52;3.50
FARINHA DE TRIGO COMUM (kg);GO;5.62;5.59;5.35;5.44;4.94;5.40;5.06;4.95;5.07;5.16;5.11
FARINHA DE TRIGO COMUM (kg);MS;5.23;4.96;5.34;5.32;5.49;5.08;5.01;4.69;4.70;4.73;4.66
FARINHA DE TRIGO COMUM (kg);PA;6.16;6.24;6.35;5.88;5.90;5.87;5.77;5.66;5.36;5.13;4.90
FARINHA DE TRIGO COMUM (kg);PE;6.20;6.75;6.70;6.62;6.30;5.94;5.62;5.50;5.29;5.00;5.14
FARINHA DE TRIGO COMUM (kg);PI;6.20;6.13;5.67;5.77;5.87;6.27;6.35;6.47;6.14;5.70;5.95
FARINHA DE TRIGO COMUM (kg);PR;4.44;4.49;4.71;4.28;4.07;3.97;3.93;3.83;3.73;3.69;0.0
FARINHA DE TRIGO COMUM (kg);RN;7.06;7.07;7.10;7.13;7.08;7.07;7.09;7.02;6.94;6.64;6.27
FARINHA DE TRIGO COMUM (kg);RO;5.30;5.06;5.02;4.96;4.77;4.94;4.99;5.44;4.32;5.77;5.57
FARINHA DE TRIGO COMUM (kg);RR;6.80;6.93;7.34;6.84;6.79;6.68;6.66;6.41;6.34;6.30;6.54
FARINHA DE TRIGO COMUM (kg);TO;6.42;6.57;6.32;6.26;6.09;5.80;5.94;5.94;5.87;6.31;6.39
FARINHA DE TRIGO COMUM TIPO 1 (kg);SC;4.85;4.73;4.74;4.74;4.48;4.47;4.37;4.24;4.16;4.13;4.09
FARINHA DE TRIGO ENRIQUECIDA TIPO 1 (kg);MA;6.38;6.26;5.96;6.35;6.12;6.23;5.49;5.71;5.43;5.14;5.22
FARINHA DE TRIGO ENRIQUECIDA TIPO 1 (kg);MG;5.55;6.20;5.07;5.31;5.05;4.81;4.97;5.27;5.23;5.31;5.12
FARINHA DE TRIGO ENRIQUECIDA TIPO 1 (kg);MT;4.88;4.95;4.89;4.96;4.90;4.81;4.79;4.92;4.92;4.47;4.15
FARINHA DE TRIGO ENRIQUECIDA TIPO 1 (kg);PB;7.04;7.05;7.04;7.00;6.93;6.75;6.51;6.50;6.45;6.40;6.22
FARINHA DE TRIGO ENRIQUECIDA TIPO 1 (kg);RJ;5.93;5.69;5.71;5.77;5.85;5.85;5.83;5.60;5.70;5.44;5.53
FARINHA DE TRIGO ESPECIAL (kg);CE;7.25;9.67;9.42;9.58;9.91;9.85;10.15;8.82;8.27;7.38;6.20
FARINHA DE TRIGO ESPECIAL (kg);ES;6.08;6.07;5.64;5.77;5.83;5.67;5.23;5.41;5.47;5.55;5.15
FARINHA DE TRIGO ESPECIAL (kg);PB;7.19;7.19;7.13;7.14;7.04;6.98;6.81;6.80;6.80;6.80;6.62
FARINHA DE TRIGO ESPECIAL (kg);PR;5.47;5.08;5.50;5.61;5.85;5.41;4.91;4.55;4.41;4.04;3.64
FARINHA DE TRIGO ESPECIAL (kg);RN;7.26;7.29;7.43;7.48;7.39;7.37;7.44;7.53;7.38;6.92;6.38
FARINHA DE TRIGO ESPECIAL (kg);RO;5.69;5.75;5.72;5.70;5.24;4.56;4.24;4.66;4.18;4.10;4.38
FARINHA DE TRIGO ESPECIAL (kg);RS;4.58;4.60;4.71;4.49;4.49;4.61;4.36;4.14;4.19;4.19;4.14
FARINHA DE TRIGO ESPECIAL (kg);SE;6.41;6.95;6.85;6.77;6.98;6.47;5.86;5.83;5.99;5.85;5.63
FARINHA DE TRIGO ESPECIAL (kg);SP;5.74;5.75;5.67;5.65;6.12;5.94;5.62;6.13;5.88;5.53;5.34
FARINHA DE TRIGO ESPECIAL (kg);TO;7.48;7.30;7.24;7.48;7.39;7.61;7.85;7.69;7.20;6.79;6.90
FÉCULA DE MANDIOCA (25 kg);RR;220.00;220.00;220.00;213.75;215.83;218.73;220.00;220.00;220.00;220.00;220.00
FEIJÃO CAUPI TIPO 1 (kg);AL;7.62;7.53;7.57;6.83;6.65;6.94;6.75;6.69;6.88;6.76;6.90
FEIJÃO CAUPI TIPO 1 (kg);AM;6.21;6.24;6.16;6.59;6.69;6.38;6.46;6.67;6.60;6.44;6.46
FEIJÃO CAUPI TIPO 1 (kg);BA;5.66;6.46;6.49;6.63;6.43;6.23;5.75;5.82;5.28;5.53;5.60
FEIJÃO CAUPI TIPO 1 (kg);CE;8.64;9.04;9.52;10.77;10.75;9.78;8.81;8.38;7.84;6.82;6.40
FEIJÃO CAUPI TIPO 1 (kg);MA;6.28;5.93;6.04;6.31;6.15;7.35;6.41;5.37;5.00;5.05;5.35
FEIJÃO CAUPI TIPO 1 (kg);MT;6.75;6.19;6.32;6.28;6.39;6.63;6.52;6.47;6.47;6.20;6.23
FEIJÃO CAUPI TIPO 1 (kg);PA;4.46;4.98;5.37;5.65;5.58;5.51;5.52;5.35;5.15;5.08;5.54
FEIJÃO CAUPI TIPO 1 (kg);PE;8.20;8.28;9.07;10.07;9.56;9.17;9.29;9.60;9.24;9.07;9.00
FEIJÃO CAUPI TIPO 1 (kg);PI;7.10;7.89;8.24;8.54;8.67;8.25;7.68;6.98;6.57;6.73;6.54
FEIJÃO CAUPI TIPO 1 (kg);RN;8.35;8.61;8.66;8.77;8.99;8.76;8.41;8.08;7.94;7.65;7.69
FEIJÃO CAUPI TIPO 1 (kg);SE;7.43;7.42;7.46;7.88;8.26;7.88;7.97;7.72;7.97;7.57;8.13
FEIJÃO COMUM CORES TIPO 1 (kg);AC;6.79;6.82;6.84;6.81;6.84;7.06;7.20;7.22;7.22;7.27;7.28
FEIJÃO COMUM CORES TIPO 1 (kg);AL;10.40;10.36;10.40;9.99;10.25;10.30;8.92;8.16;7.50;7.45;7.21
FEIJÃO COMUM CORES TIPO 1 (kg);AM;8.93;8.18;9.02;9.29;8.84;8.80;8.42;8.33;7.90;7.52;7.48
FEIJÃO COMUM CORES TIPO 1 (kg);AP;8.74;8.88;8.86;9.03;9.28;9.33;9.73;7.86;6.66;5.84;5.73
FEIJÃO COMUM CORES TIPO 1 (kg);BA;8.19;8.15;8.78;9.14;9.18;8.16;7.14;6.27;5.45;5.32;5.48
FEIJÃO COMUM CORES TIPO 1 (kg);CE;9.66;9.70;9.41;10.20;10.27;9.55;8.75;8.38;7.39;6.62;6.05
FEIJÃO COMUM CORES TIPO 1 (kg);DF;7.37;7.57;7.06;8.27;7.82;7.37;5.69;5.49;5.19;4.59;4.93
FEIJÃO COMUM CORES TIPO 1 (kg);ES;9.71;9.59;9.03;9.73;9.60;8.81;8.11;7.44;6.84;6.72;6.53
FEIJÃO COMUM CORES TIPO 1 (kg);GO;9.77;10.28;9.85;10.39;10.05;10.11;9.16;7.91;7.15;6.97;6.64
FEIJÃO COMUM CORES TIPO 1 (kg);MA;8.04;8.09;8.67;8.96;9.39;9.30;8.18;7.18;6.38;6.05;5.94
FEIJÃO COMUM CORES TIPO 1 (kg);MG;8.82;9.67;8.88;9.19;9.21;8.80;7.68;7.61;8.13;8.08;7.80
FEIJÃO COMUM CORES TIPO 1 (kg);MS;9.49;9.29;10.53;10.70;11.18;10.31;9.63;7.38;7.70;7.38;5.77
FEIJÃO COMUM CORES TIPO 1 (kg);MT;8.05;8.12;8.64;8.92;8.49;8.10;7.71;7.59;7.59;5.56;5.58
FEIJÃO COMUM CORES TIPO 1 (kg);PA;8.40;9.23;9.40;10.21;10.04;8.93;8.05;6.44;6.13;5.20;5.72
FEIJÃO COMUM CORES TIPO 1 (kg);PE;9.05;10.08;10.16;11.63;11.14;11.36;11.63;11.71;10.29;8.78;7.20
FEIJÃO COMUM CORES TIPO 1 (kg);PI;8.08;8.20;8.28;8.49;8.67;8.42;7.95;7.59;7.44;7.44;7.15
FEIJÃO COMUM CORES TIPO 1 (kg);PR;9.08;9.11;9.74;10.76;10.91;9.24;7.92;6.81;5.92;5.34;5.33
FEIJÃO COMUM CORES TIPO 1 (kg);RJ;9.89;10.56;10.86;11.23;11.53;11.41;10.81;9.66;9.36;8.70;8.40
FEIJÃO COMUM CORES TIPO 1 (kg);RN;9.88;10.22;11.89;12.29;12.49;12.49;12.56;12.35;12.71;11.14;11.14
FEIJÃO COMUM CORES TIPO 1 (kg);RO;7.91;7.57;8.01;8.40;8.42;7.37;6.21;6.27;5.33;4.98;5.22
FEIJÃO COMUM CORES TIPO 1 (kg);RR;9.66;8.60;9.04;9.65;10.11;9.29;9.24;9.43;10.09;10.19;11.54
FEIJÃO COMUM CORES TIPO 1 (kg);RS;13.21;14.56;18.64;16.94;14.11;14.87;14.43;13.55;13.95;13.55;12.41
FEIJÃO COMUM CORES TIPO 1 (kg);SC;10.80;10.75;11.23;11.39;11.03;10.59;10.01;8.11;7.49;7.96;7.96
FEIJÃO COMUM CORES TIPO 1 (kg);SE;8.83;9.07;9.20;9.74;10.14;9.54;9.58;8.79;8.34;8.45;8.39
FEIJÃO COMUM CORES TIPO 1 (kg);SP;10.05;10.07;9.92;10.50;10.29;9.22;8.72;8.39;7.44;7.05;6.96
FEIJÃO COMUM CORES TIPO 1 (kg);TO;8.09;8.17;8.77;8.89;9.03;9.08;8.75;8.38;7.66;7.38;7.26
FEIJÃO COMUM CORES TIPO 2 (kg);RN;8.00;8.58;9.01;9.62;9.44;9.29;8.72;8.12;8.06;7.24;6.37
FEIJÃO COMUM PRETO TIPO 1 (kg);AL;9.81;9.31;9.54;10.30;10.22;9.92;9.94;9.66;9.25;9.29;9.13
FEIJÃO COMUM PRETO TIPO 1 (kg);AM;8.01;7.84;8.59;9.55;9.10;9.16;8.75;8.57;8.57;7.99;7.70
FEIJÃO COMUM PRETO TIPO 1 (kg);BA;7.14;7.66;8.01;8.20;8.26;7.96;7.25;6.96;6.79;6.92;6.96
FEIJÃO COMUM PRETO TIPO 1 (kg);CE;8.55;9.04;9.06;9.07;9.19;9.04;8.72;8.35;8.09;8.03;7.83
FEIJÃO COMUM PRETO TIPO 1 (kg);DF;6.97;6.74;7.45;7.62;8.40;7.60;7.24;7.45;7.42;6.37;7.76
FEIJÃO COMUM PRETO TIPO 1 (kg);ES;6.94;7.02;6.84;7.11;6.94;6.38;6.56;6.73;6.73;6.73;6.53
FEIJÃO COMUM PRETO TIPO 1 (kg);GO;9.66;10.58;10.14;10.10;9.82;10.63;9.96;9.52;9.64;9.65;10.04
FEIJÃO COMUM PRETO TIPO 1 (kg);MA;6.94;7.34;7.66;7.74;7.71;8.04;7.29;6.99;7.03;6.87;7.19
FEIJÃO COMUM PRETO TIPO 1 (kg);MG;8.10;8.61;8.18;8.10;8.47;8.28;7.74;7.50;7.75;8.03;8.42
FEIJÃO COMUM PRETO TIPO 1 (kg);MS;7.91;8.40;9.46;9.40;9.71;9.31;9.59;8.97;7.41;7.01;6.79
FEIJÃO COMUM PRETO TIPO 1 (kg);MT;7.56;7.66;7.74;8.05;8.30;8.02;7.80;7.61;7.61;7.12;6.94
FEIJÃO COMUM PRETO TIPO 1 (kg);PA;7.19;7.88;8.35;8.73;8.40;7.82;8.02;7.67;7.46;6.87;7.33
FEIJÃO COMUM PRETO TIPO 1 (kg);PE;8.17;8.84;9.11;10.57;10.78;10.78;10.91;10.33;9.75;8.82;8.44
FEIJÃO COMUM PRETO TIPO 1 (kg);PI;7.35;7.46;7.49;7.86;8.03;8.21;7.99;7.94;7.84;7.83;7.94
FEIJÃO COMUM PRETO TIPO 1 (kg);PR;7.21;6.82;7.35;7.76;7.45;6.85;6.33;5.92;5.63;5.75;5.92
FEIJÃO COMUM PRETO TIPO 1 (kg);RJ;7.56;7.66;7.80;7.92;7.95;7.61;7.69;7.58;7.54;7.42;7.69
FEIJÃO COMUM PRETO TIPO 1 (kg);RN;9.21;9.86;10.38;10.66;11.05;10.93;10.00;10.34;10.96;11.02;10.79
FEIJÃO COMUM PRETO TIPO 1 (kg);RO;7.68;7.66;7.83;8.20;7.99;7.45;7.53;7.46;7.38;7.06;7.06
FEIJÃO COMUM PRETO TIPO 1 (kg);RS;7.62;8.12;8.01;8.18;8.29;7.66;7.69;7.68;7.71;7.60;7.48
FEIJÃO COMUM PRETO TIPO 1 (kg);SC;8.10;8.07;7.95;7.97;7.70;7.30;7.79;7.20;7.01;7.50;7.94
FEIJÃO COMUM PRETO TIPO 1 (kg);SE;9.40;9.21;9.57;9.81;9.68;9.29;9.31;9.27;9.22;8.71;9.57
FEIJÃO COMUM PRETO TIPO 1 (kg);SP;9.10;8.74;9.00;9.33;9.00;8.55;8.33;7.59;7.65;7.45;7.90
FLOCOS DE MILHO ENRIQUECIDO (500 g);AM;2.29;2.35;2.13;2.23;2.24;2.18;2.22;2.02;2.11;2.12;2.15
FLOCOS DE MILHO ENRIQUECIDO (500 g);AP;2.02;2.11;2.15;2.15;2.18;2.00;1.97;2.16;2.23;2.19;2.38
FLOCOS DE MILHO ENRIQUECIDO (500 g);BA;1.72;1.69;1.69;1.71;1.74;1.70;1.64;1.68;1.54;1.49;1.51
FLOCOS DE MILHO ENRIQUECIDO (500 g);DF;2.57;2.15;2.45;2.03;2.00;1.97;2.09;2.30;3.24;2.44;2.39
FLOCOS DE MILHO ENRIQUECIDO (500 g);MG;4.05;3.88;4.00;4.15;3.75;3.84;4.06;3.58;3.83;3.57;3.64
FLOCOS DE MILHO ENRIQUECIDO (500 g);MS;5.37;5.45;5.80;5.50;5.44;4.41;4.69;5.00;5.05;5.13;4.96
FLOCOS DE MILHO ENRIQUECIDO (500 g);MT;3.48;2.95;3.27;3.61;3.39;4.06;2.76;2.73;2.73;2.77;2.73
FLOCOS DE MILHO ENRIQUECIDO (500 g);PI;2.16;2.14;2.17;2.17;2.16;2.10;1.98;2.04;1.97;2.06;1.94
FLOCOS DE MILHO ENRIQUECIDO (500 g);RR;2.73;2.94;2.82;3.57;4.45;2.94;3.14;2.91;2.99;3.02;3.01
FLOCOS DE MILHO ENRIQUECIDO (500 g);SP;4.48;4.88;4.90;4.91;5.24;5.20;5.47;5.23;5.26;5.46;5.26
FLOCOS DE MILHO ENRIQUECIDO (kg);AC;4.35;4.35;4.35;4.38;4.43;4.43;4.43;4.45;4.45;4.45;4.45
FLOCOS DE MILHO FLOCÃO (500 g);AM;2.42;2.30;2.48;2.58;2.55;2.68;2.40;2.35;2.32;2.35;2.29
FLOCOS DE MILHO PRE-COZIDO (500 g);AL;1.93;1.95;1.92;1.88;1.91;1.90;1.83;1.84;1.83;1.81;1.83
FLOCOS DE MILHO PRE-COZIDO (500 g);CE;2.19;2.18;2.22;2.23;2.21;2.26;2.21;2.22;2.11;2.16;2.23
FLOCOS DE MILHO PRE-COZIDO (500 g);ES;5.55;5.58;5.15;5.42;5.23;5.76;5.43;5.28;4.82;4.98;4.95
FLOCOS DE MILHO PRE-COZIDO (500 g);GO;3.55;3.45;3.33;3.49;3.14;3.38;3.31;3.21;3.15;3.26;3.04
FLOCOS DE MILHO PRE-COZIDO (500 g);MA;1.92;1.91;2.01;2.06;2.04;1.99;2.05;2.00;2.04;1.86;1.73
FLOCOS DE MILHO PRE-COZIDO (500 g);PA;2.15;2.11;2.19;2.11;2.16;2.08;2.21;2.06;1.99;2.08;2.08
FLOCOS DE MILHO PRE-COZIDO (500 g);PB;2.03;2.05;2.08;2.10;2.10;1.98;1.84;1.76;1.73;1.71;1.74
FLOCOS DE MILHO PRE-COZIDO (500 g);PE;2.20;2.33;2.31;2.26;2.13;1.94;1.84;1.80;1.75;1.75;1.75
FLOCOS DE MILHO PRE-COZIDO (500 g);PR;5.25;4.85;5.63;6.00;5.93;5.09;4.13;4.60;5.25;4.89;4.79
FLOCOS DE MILHO PRE-COZIDO (500 g);RJ;4.90;5.10;5.28;5.39;5.82;6.30;6.20;6.09;6.05;5.69;5.62
FLOCOS DE MILHO PRE-COZIDO (500 g);RN;1.93;1.93;1.89;1.87;1.92;1.91;1.97;1.91;1.84;1.66;1.63
FLOCOS DE MILHO PRE-COZIDO (500 g);RO;2.65;2.75;2.64;3.32;2.68;3.01;2.66;2.41;3.28;2.48;2.29
FLOCOS DE MILHO PRE-COZIDO (500 g);RS;4.85;5.11;5.15;5.01;5.39;4.88;5.01;4.79;4.87;5.21;5.05
FLOCOS DE MILHO PRE-COZIDO (500 g);SC;5.45;5.63;5.54;5.98;5.66;5.64;4.96;4.91;5.27;5.60;5.50
FLOCOS DE MILHO PRE-COZIDO (500 g);SE;1.94;1.77;1.80;2.10;2.03;1.88;1.80;1.81;1.98;2.77;2.42
FLOCOS DE MILHO PRE-COZIDO (500 g);TO;5.28;5.17;5.18;5.18;5.16;5.25;5.05;5.30;5.40;5.78;5.73
FUBÁ DE MILHO COMUM AMARELO (500 g);AC;3.85;3.85;3.85;3.88;3.89;3.65;3.55;3.55;3.55;3.51;3.50
FUBÁ DE MILHO COMUM AMARELO (500 g);AM;4.89;4.95;4.27;4.19;4.42;4.76;4.96;4.60;4.53;4.53;4.13
FUBÁ DE MILHO COMUM AMARELO (500 g);CE;1.82;1.87;1.87;1.84;1.84;1.83;1.84;1.96;1.82;1.77;2.03
FUBÁ DE MILHO COMUM AMARELO (500 g);MA;7.71;7.69;6.41;7.89;7.72;7.06;7.32;7.89;7.89;7.89;7.89
FUBÁ DE MILHO COMUM AMARELO (500 g);PB;2.68;2.71;2.75;2.79;2.81;2.73;2.59;2.51;2.47;2.43;2.41
FUBÁ DE MILHO COMUM AMARELO (500 g);PE;1.88;1.86;1.82;1.89;1.87;1.73;1.67;1.64;1.60;1.60;1.61
FUBÁ DE MILHO COMUM AMARELO (500 g);PI;0.0;0.0;0.0;0.0;0.0;2.14;4.49;4.71;3.21;2.66;3.77
FUBÁ DE MILHO COMUM AMARELO (500 g);RN;4.94;5.00;5.06;5.05;4.90;5.01;4.90;5.00;5.04;4.90;4.82
FUBÁ DE MILHO COMUM AMARELO (500 g);RR;4.31;3.95;4.43;4.47;4.95;3.44;3.80;3.98;3.97;4.06;3.99
FUBÁ DE MILHO COMUM AMARELO (500 g);SE;2.57;2.71;2.78;2.38;3.11;2.80;2.54;2.46;2.58;2.73;2.86
FUBÁ DE MILHO COMUM AMARELO (kg);AL;3.88;3.91;3.90;3.90;3.93;3.86;3.86;4.03;4.13;4.05;4.33
FUBÁ DE MILHO COMUM AMARELO (kg);AP;7.18;7.18;7.18;6.23;6.19;6.19;6.39;6.66;6.62;6.59;5.48
FUBÁ DE MILHO COMUM AMARELO (kg);BA;6.18;4.45;4.67;4.22;4.07;4.28;3.77;3.47;3.80;4.79;5.09
FUBÁ DE MILHO COMUM AMARELO (kg);DF;3.74;4.64;3.98;5.94;4.23;3.67;3.64;4.64;4.54;5.07;4.62
FUBÁ DE MILHO COMUM AMARELO (kg);ES;5.63;5.43;5.35;5.22;5.17;5.12;5.07;5.18;5.09;4.88;4.84
FUBÁ DE MILHO COMUM AMARELO (kg);GO;6.39;5.87;5.99;6.21;6.07;6.61;7.02;6.56;6.56;6.75;6.54
FUBÁ DE MILHO COMUM AMARELO (kg);MG;4.76;4.89;4.66;4.55;4.70;4.64;4.06;3.98;4.32;4.30;4.28
FUBÁ DE MILHO COMUM AMARELO (kg);MS;8.60;8.72;7.29;9.33;7.90;7.59;7.36;7.66;8.16;8.09;6.88
FUBÁ DE MILHO COMUM AMARELO (kg);PR;6.40;6.14;5.71;5.95;5.78;5.37;5.57;5.50;4.92;4.64;4.81
FUBÁ DE MILHO COMUM AMARELO (kg);RS;6.54;5.49;5.53;5.32;6.78;5.57;5.44;5.36;5.39;5.35;5.95
FUBÁ DE MILHO COMUM AMARELO (kg);SC;5.10;4.96;5.21;5.54;4.91;4.95;5.03;5.56;5.57;4.30;4.32
FUBÁ DE MILHO COMUM AMARELO (kg);TO;8.90;7.66;7.15;7.24;7.07;7.09;6.39;0.0;0.0;0.0;0.0
FUBÁ DE MILHO COMUM MIMOSO (500 g);PA;3.12;3.15;2.91;3.02;3.01;3.40;3.45;3.82;3.52;3.45;3.37
FUBÁ DE MILHO COMUM MIMOSO (500 g);PB;4.76;4.80;4.86;4.89;4.88;4.66;4.38;4.22;4.30;4.31;4.30
FUBÁ DE MILHO COMUM MIMOSO (500 g);SE;4.72;4.50;4.84;5.44;5.47;4.32;4.39;4.90;4.69;6.15;4.89
FUBÁ DE MILHO COMUM MIMOSO (kg);AL;6.99;7.13;3.20;3.19;3.26;4.15;4.38;10.63;10.39;11.26;11.38
FUBÁ DE MILHO COMUM MIMOSO (kg);CE;10.33;12.13;11.64;11.86;10.97;12.23;12.31;8.64;8.99;6.26;8.61
FUBÁ DE MILHO COMUM MIMOSO (kg);ES;4.31;4.30;4.46;3.97;3.96;3.73;3.76;3.56;3.30;3.37;3.33
FUBÁ DE MILHO COMUM MIMOSO (kg);GO;6.73;6.82;6.39;6.99;5.65;6.16;6.03;5.89;5.97;5.51;5.72
FUBÁ DE MILHO COMUM MIMOSO (kg);MT;5.91;6.29;6.33;6.30;5.62;5.74;5.12;7.11;7.11;6.08;5.98
FUBÁ DE MILHO COMUM MIMOSO (kg);PR;6.60;6.80;6.99;8.45;7.68;5.60;4.58;4.44;4.85;5.12;4.84
FUBÁ DE MILHO COMUM MIMOSO (kg);RJ;4.26;4.18;4.15;4.14;4.19;3.96;3.75;3.72;3.59;3.83;4.22
FUBÁ DE MILHO COMUM MIMOSO (kg);RO;4.77;4.28;4.97;5.45;5.39;4.68;4.73;4.51;4.58;4.41;4.46
FUBÁ DE MILHO COMUM MIMOSO (kg);SP;8.62;8.91;8.89;8.94;9.07;8.82;8.49;8.00;8.55;8.73;8.59
FUBÁ DE MILHO COMUM MIMOSO (kg);TO;9.14;0.0;7.91;7.59;7.58;7.53;7.53;7.91;7.87;7.84;7.48
LEITE DE CABRA INTEGRAL (l);DF;12.23;14.50;15.00;15.00;15.00;15.00;15.00;15.00;15.00;14.33;15.00
LEITE DE CABRA TIPO C (l);MS;12.99;12.99;12.99;12.99;12.99;12.99;12.99;12.99;12.99;12.99;12.99
LEITE DE CABRA TIPO C (l);RN;3.98;3.98;3.98;3.98;3.98;3.98;4.54;4.73;4.73;4.73;4.75
LEITE DE VACA EM PÓ INTEGRAL (200 g);PA;7.15;7.21;7.23;7.20;7.05;6.95;7.34;7.03;6.76;6.31;6.73
LEITE DE VACA EM PÓ INTEGRAL (200 g);PI;6.95;7.03;6.87;6.85;6.84;7.04;6.86;6.79;6.52;6.61;6.51
LEITE DE VACA EM PÓ INTEGRAL (400 g);AC;15.95;16.50;16.50;16.82;16.80;15.98;15.75;15.50;15.50;15.15;15.20
LEITE DE VACA EM PÓ INTEGRAL (400 g);AM;17.05;16.70;16.88;16.18;16.41;16.49;16.25;16.27;15.67;15.07;15.28
LEITE DE VACA EM PÓ INTEGRAL (400 g);AP;17.89;0.0;0.0;14.05;13.78;13.78;14.98;14.21;14.99;14.03;12.37
LEITE DE VACA EM PÓ INTEGRAL (400 g);CE;20.88;21.32;21.19;20.83;21.45;21.28;21.19;20.68;18.43;15.76;14.12
LEITE DE VACA EM PÓ INTEGRAL (400 g);DF;19.23;18.32;19.51;20.97;20.99;17.35;17.74;20.21;18.35;14.96;14.51
LEITE DE VACA EM PÓ INTEGRAL (400 g);GO;18.80;19.15;19.16;18.60;17.70;18.61;18.67;18.51;18.06;17.49;17.44
LEITE DE VACA EM PÓ INTEGRAL (400 g);MA;15.39;14.94;14.73;14.62;15.07;14.37;14.53;15.16;14.26;13.59;13.57
LEITE DE VACA EM PÓ INTEGRAL (400 g);MG;18.62;19.54;17.79;17.42;17.85;17.67;16.66;16.89;15.87;16.97;16.80
LEITE DE VACA EM PÓ INTEGRAL (400 g);MS;18.28;18.73;19.47;18.38;19.11;18.47;18.01;15.50;15.84;15.45;15.80
LEITE DE VACA EM PÓ INTEGRAL (400 g);MT;15.92;15.37;15.25;15.29;15.03;15.40;15.08;15.54;15.54;14.58;14.21
LEITE DE VACA EM PÓ INTEGRAL (400 g);PB;17.49;17.62;17.67;17.01;15.84;15.80;15.58;15.38;15.18;15.00;14.90
LEITE DE VACA EM PÓ INTEGRAL (400 g);PE;17.13;16.00;15.05;14.96;14.18;13.37;13.00;13.00;13.00;12.81;11.70
LEITE DE VACA EM PÓ INTEGRAL (400 g);PR;18.15;17.53;17.44;16.94;17.24;15.64;12.76;12.92;13.49;13.38;13.65
LEITE DE VACA EM PÓ INTEGRAL (400 g);RJ;15.55;15.64;16.16;16.50;15.82;15.49;15.25;15.14;14.75;14.18;14.27
LEITE DE VACA EM PÓ INTEGRAL (400 g);RN;18.83;17.83;18.52;17.83;17.84;19.02;17.81;16.07;16.86;14.75;14.64
LEITE DE VACA EM PÓ INTEGRAL (400 g);RO;13.54;14.79;14.45;13.95;14.80;13.50;13.14;12.97;13.05;12.49;12.72
LEITE DE VACA EM PÓ INTEGRAL (400 g);RR;16.77;16.22;17.13;16.60;16.93;16.10;16.91;16.54;17.05;18.93;18.27
LEITE DE VACA EM PÓ INTEGRAL (400 g);SC;17.26;17.23;16.72;16.33;17.41;16.64;16.80;15.87;14.61;15.35;15.89
LEITE DE VACA EM PÓ INTEGRAL (400 g);SE;16.05;15.97;15.74;16.23;15.80;15.47;16.10;15.20;15.41;15.19;14.18
LEITE DE VACA EM PÓ INTEGRAL (400 g);SP;17.51;16.81;17.05;17.50;17.88;16.85;17.05;16.28;16.75;16.67;15.29
LEITE DE VACA EM PÓ INTEGRAL (400 g);TO;16.99;16.99;16.34;15.99;15.96;15.98;16.45;15.74;15.18;14.24;14.26
LEITE DE VACA EM PÓ INTEGRAL (kg);AL;44.18;43.19;42.29;41.44;42.93;40.77;42.16;40.00;39.03;39.14;39.24
LEITE DE VACA LONGA VIDA INTEGRAL (l);AC;7.44;7.40;7.35;7.34;7.19;7.02;7.00;7.00;7.00;6.85;6.80
LEITE DE VACA LONGA VIDA INTEGRAL (l);AM;7.19;6.51;6.88;6.56;6.55;6.53;6.23;6.75;6.75;6.59;6.53
LEITE DE VACA LONGA VIDA INTEGRAL (l);AP;6.80;6.60;6.77;7.20;7.14;7.86;8.11;7.78;7.64;6.78;6.45
LEITE DE VACA LONGA VIDA INTEGRAL (l);BA;4.96;4.84;4.93;5.19;5.19;4.92;4.77;4.65;4.57;4.60;4.48
LEITE DE VACA LONGA VIDA INTEGRAL (l);CE;0.0;0.0;0.0;0.0;0.0;0.0;0.0;0.0;0.0;0.0;4.34
LEITE DE VACA LONGA VIDA INTEGRAL (l);DF;4.44;4.55;4.83;4.72;4.53;4.24;4.42;4.22;4.06;3.83;4.12
LEITE DE VACA LONGA VIDA INTEGRAL (l);ES;4.72;4.93;4.65;5.14;5.34;4.83;4.63;4.91;4.84;4.48;4.29
LEITE DE VACA LONGA VIDA INTEGRAL (l);GO;5.41;5.68;5.73;5.73;5.73;5.86;5.65;5.59;5.40;5.13;5.30
LEITE DE VACA LONGA VIDA INTEGRAL (l);MA;5.51;5.62;5.79;6.22;6.05;5.69;5.93;5.68;5.68;5.01;4.90
LEITE DE VACA LONGA VIDA INTEGRAL (l);MG;4.80;5.00;5.02;5.15;5.15;5.07;4.81;4.68;4.66;4.63;4.61
LEITE DE VACA LONGA VIDA INTEGRAL (l);MS;5.09;5.38;5.79;5.85;5.90;5.89;5.87;5.20;5.37;5.30;5.25
LEITE DE VACA LONGA VIDA INTEGRAL (l);MT;5.52;5.51;5.87;6.11;6.09;5.82;5.89;5.78;5.78;5.24;4.90
LEITE DE VACA LONGA VIDA INTEGRAL (l);PA;6.21;5.81;6.12;6.90;6.91;6.79;6.56;6.20;6.17;5.86;5.64
LEITE DE VACA LONGA VIDA INTEGRAL (l);PB;7.83;7.88;7.90;7.37;6.46;6.10;5.86;5.71;5.65;5.44;5.34
LEITE DE VACA LONGA VIDA INTEGRAL (l);PE;6.95;6.01;6.03;6.00;6.03;6.02;6.41;5.80;5.50;5.50;5.90
LEITE DE VACA LONGA VIDA INTEGRAL (l);PI;5.67;5.85;5.80;5.86;5.99;5.92;6.11;6.04;5.93;5.69;5.60
LEITE DE VACA LONGA VIDA INTEGRAL (l);PR;4.85;4.69;4.91;5.31;5.11;4.71;4.64;4.42;3.73;3.73;3.81
LEITE DE VACA LONGA VIDA INTEGRAL (l);RJ;5.17;5.45;5.37;5.80;5.67;5.35;5.33;5.07;4.85;4.58;4.42
LEITE DE VACA LONGA VIDA INTEGRAL (l);RN;7.08;6.81;6.83;6.94;7.10;7.12;7.02;6.98;6.96;7.33;7.09
LEITE DE VACA LONGA VIDA INTEGRAL (l);RO;5.31;5.08;5.16;5.35;5.52;5.61;5.39;5.33;5.04;5.05;5.07
LEITE DE VACA LONGA VIDA INTEGRAL (l);RR;7.50;6.86;7.38;8.28;9.67;8.24;8.08;8.71;8.93;9.00;8.99
LEITE DE VACA LONGA VIDA INTEGRAL (l);RS;4.18;4.67;4.76;4.73;5.02;5.01;4.76;4.24;3.94;3.85;4.07
LEITE DE VACA LONGA VIDA INTEGRAL (l);SC;4.11;4.65;4.64;4.96;4.83;4.73;4.65;4.45;4.05;3.77;3.82
LEITE DE VACA LONGA VIDA INTEGRAL (l);SE;5.76;5.33;5.47;5.96;5.88;5.59;5.41;5.42;5.39;5.95;5.80
LEITE DE VACA LONGA VIDA INTEGRAL (l);SP;4.69;5.10;5.39;5.55;5.54;5.46;5.41;5.16;4.92;4.45;4.45
LEITE DE VACA LONGA VIDA INTEGRAL (l);TO;5.32;5.53;5.74;6.42;6.19;6.23;6.08;5.88;5.45;5.42;5.08
LEITE DE VACA TIPO C (l);CE;4.62;4.81;4.56;4.63;4.59;4.76;4.65;4.59;4.64;5.32;4.19
LEITE DE VACA UHT INTEGRAL (l);AL;6.51;6.62;6.92;6.87;6.54;6.85;6.86;6.56;6.77;6.52;6.64
MACARRÃO ESPAGUETE SÊMOLA COM OVOS (500 g);AM;5.04;4.87;5.42;4.99;5.03;4.70;4.99;5.38;4.68;4.40;4.23
MACARRÃO ESPAGUETE SÊMOLA COM OVOS (500 g);BA;4.01;4.31;4.08;4.06;4.05;4.14;4.03;4.17;4.19;4.34;4.27
MACARRÃO ESPAGUETE SÊMOLA COM OVOS (500 g);ES;5.10;5.19;5.28;5.04;5.06;4.85;5.03;4.86;4.94;4.72;4.88
MACARRÃO ESPAGUETE SÊMOLA COM OVOS (500 g);MA;3.99;4.10;4.57;4.71;4.46;4.67;4.45;4.53;4.24;4.42;4.50
MACARRÃO ESPAGUETE SÊMOLA COM OVOS (500 g);MG;5.18;5.02;4.68;5.85;4.91;4.88;4.17;4.69;4.92;5.05;4.81
MACARRÃO ESPAGUETE SÊMOLA COM OVOS (500 g);MT;5.04;5.21;5.12;5.12;4.99;5.17;4.64;4.62;4.62;4.67;4.49
MACARRÃO ESPAGUETE SÊMOLA COM OVOS (500 g);PE;4.64;4.65;4.80;4.76;4.96;4.74;4.68;4.45;4.54;4.50;4.50
MACARRÃO ESPAGUETE SÊMOLA COM OVOS (500 g);SC;4.59;4.53;4.52;4.36;4.44;4.45;4.29;4.33;4.03;3.99;3.73
MACARRÃO ESPAGUETE SÊMOLA COM OVOS (500 g);SE;5.24;5.27;5.31;5.63;5.92;5.70;5.47;5.51;5.59;6.71;6.82
MACARRÃO ESPAGUETE SÊMOLA COM OVOS (kg);AC;7.55;7.56;7.60;7.55;7.50;7.55;7.55;7.55;7.55;7.51;7.52
MACARRÃO ESPAGUETE SÊMOLA COM OVOS (kg);AP;9.56;9.56;9.56;9.37;9.32;10.27;10.28;10.62;11.18;10.70;10.20
MACARRÃO ESPAGUETE SÊMOLA COM OVOS (kg);DF;7.93;6.17;7.22;5.89;7.16;6.08;6.99;7.48;6.97;7.71;7.55
MACARRÃO ESPAGUETE SÊMOLA COM OVOS (kg);GO;8.73;9.29;9.30;9.75;9.64;9.54;9.45;8.51;9.05;8.79;8.61
MACARRÃO ESPAGUETE SÊMOLA COM OVOS (kg);MS;10.18;8.50;10.29;10.65;10.39;10.93;10.79;10.05;10.25;10.10;9.64
MACARRÃO ESPAGUETE SÊMOLA COM OVOS (kg);PI;9.08;8.96;9.19;9.35;9.35;5.96;4.12;4.04;4.87;5.02;5.08
MACARRÃO ESPAGUETE SÊMOLA COM OVOS (kg);PR;9.33;8.88;10.09;10.27;9.95;8.75;8.11;8.05;7.24;6.65;6.79
MACARRÃO ESPAGUETE SÊMOLA COM OVOS (kg);RR;12.14;10.53;10.91;11.61;9.67;11.22;5.49;5.32;5.30;5.38;5.44
MACARRÃO ESPAGUETE SÊMOLA COM OVOS (kg);RS;9.88;9.62;9.00;8.56;9.62;9.19;9.06;8.92;8.67;8.71;8.98
MACARRÃO ESPAGUETE SÊMOLA COM OVOS (kg);SP;8.14;8.38;8.33;8.43;8.74;8.25;8.70;8.11;8.58;8.18;8.11
MACARRÃO ESPAGUETE SÊMOLA SEM OVOS (500 g);AL;5.03;4.84;4.33;4.65;4.64;4.52;4.35;4.57;4.44;4.44;4.39
MACARRÃO ESPAGUETE SÊMOLA SEM OVOS (500 g);CE;4.18;4.20;4.36;4.34;4.18;4.26;4.23;4.08;4.14;4.24;5.10
MACARRÃO ESPAGUETE SÊMOLA SEM OVOS (500 g);GO;3.88;4.02;3.77;4.01;3.73;4.06;3.90;3.54;3.51;3.65;3.68
MACARRÃO ESPAGUETE SÊMOLA SEM OVOS (500 g);PA;4.12;4.10;4.23;3.85;3.90;4.19;4.00;4.39;4.03;3.79;4.08
MACARRÃO ESPAGUETE SÊMOLA SEM OVOS (500 g);PB;4.18;4.19;4.19;4.17;4.01;3.89;3.74;3.64;3.62;3.63;3.65
MACARRÃO ESPAGUETE SÊMOLA SEM OVOS (500 g);PR;4.27;4.00;4.37;4.52;4.33;4.21;3.85;3.72;3.24;3.21;3.14
MACARRÃO ESPAGUETE SÊMOLA SEM OVOS (500 g);RJ;4.62;4.45;4.40;4.50;4.64;4.44;4.70;4.49;4.44;4.40;4.32
MACARRÃO ESPAGUETE SÊMOLA SEM OVOS (500 g);RN;5.44;5.46;5.69;5.83;5.83;5.65;5.72;5.77;5.96;5.52;5.29
MACARRÃO ESPAGUETE SÊMOLA SEM OVOS (500 g);RO;4.14;4.41;4.01;4.10;3.82;3.82;3.74;3.83;4.03;3.65;4.13
MACARRÃO ESPAGUETE SÊMOLA SEM OVOS (500 g);SE;4.47;4.45;4.55;4.87;4.63;4.37;4.28;4.16;4.56;4.97;4.92
MACARRÃO ESPAGUETE SÊMOLA SEM OVOS (500 g);TO;3.50;3.37;3.27;3.40;3.44;3.44;3.54;3.52;3.19;3.34;3.33
MACARRÃO ESPAGUETE SÊMOLA SEM OVOS (kg);ES;7.57;7.68;7.54;7.62;7.72;7.50;7.54;7.82;7.76;7.35;7.34
MILHO EM GRÃOS (kg);RR;1.78;1.80;1.85;1.85;1.90;1.95;1.85;1.84;1.90;1.73;1.44
OLEO DE SOJA REFINADO (900 ml);AC;8.98;9.29;9.21;8.65;6.97;6.22;6.00;6.17;6.29;6.40;6.40
OLEO DE SOJA REFINADO (900 ml);AL;9.13;8.78;8.79;8.00;7.63;7.00;6.56;6.63;6.81;7.11;7.27
OLEO DE SOJA REFINADO (900 ml);AM;9.92;9.85;9.14;8.78;8.36;7.12;6.89;6.78;7.00;7.34;7.35
OLEO DE SOJA REFINADO (900 ml);AP;8.92;8.83;8.72;7.90;7.97;7.37;7.09;6.49;6.49;6.19;6.79
OLEO DE SOJA REFINADO (900 ml);BA;8.68;7.96;7.48;7.33;6.38;5.99;5.83;6.04;6.21;5.93;6.13
OLEO DE SOJA REFINADO (900 ml);CE;9.38;9.09;8.84;8.50;8.49;7.57;7.24;7.06;6.96;7.17;7.02
OLEO DE SOJA REFINADO (900 ml);DF;8.03;7.19;6.97;5.76;6.11;5.91;5.12;5.29;5.60;6.62;5.20
OLEO DE SOJA REFINADO (900 ml);ES;8.83;8.41;7.65;7.49;6.50;5.83;5.65;5.68;5.65;5.61;5.93
OLEO DE SOJA REFINADO (900 ml);GO;7.96;7.76;7.16;6.94;6.04;5.94;5.79;5.42;5.44;5.38;5.63
OLEO DE SOJA REFINADO (900 ml);MA;8.81;8.78;8.03;7.47;7.20;6.49;6.35;6.15;6.13;6.06;6.19
OLEO DE SOJA REFINADO (900 ml);MG;8.30;8.28;7.57;7.08;6.93;5.60;5.44;5.48;5.52;5.38;5.40
OLEO DE SOJA REFINADO (900 ml);MS;8.16;7.75;7.34;7.06;6.82;5.93;5.91;5.71;5.67;5.56;5.40
OLEO DE SOJA REFINADO (900 ml);MT;7.65;6.85;6.36;6.36;5.43;5.03;5.15;5.19;4.92;5.32;5.44
OLEO DE SOJA REFINADO (900 ml);PA;8.73;8.80;8.68;7.72;7.37;6.64;6.44;6.33;6.06;6.09;6.13
OLEO DE SOJA REFINADO (900 ml);PB;9.96;9.95;9.93;9.81;9.80;8.72;7.55;7.13;7.05;7.00;6.96
OLEO DE SOJA REFINADO (900 ml);PE;10.39;9.99;9.97;9.55;9.30;8.21;7.57;7.74;6.71;6.93;7.43
OLEO DE SOJA REFINADO (900 ml);PI;8.59;8.52;8.26;7.88;7.46;7.10;6.57;6.57;6.42;6.88;6.46
OLEO DE SOJA REFINADO (900 ml);PR;7.93;7.78;7.25;6.59;6.52;5.96;5.41;5.22;5.25;5.05;4.98
OLEO DE SOJA REFINADO (900 ml);RJ;8.45;7.95;7.61;7.01;6.44;5.82;5.79;5.84;5.68;5.50;5.68
OLEO DE SOJA REFINADO (900 ml);RN;10.34;10.39;10.22;10.19;9.87;9.02;8.49;7.99;7.98;7.93;7.19
OLEO DE SOJA REFINADO (900 ml);RO;8.37;7.53;7.16;6.60;5.59;5.02;5.36;5.78;5.52;5.78;5.91
OLEO DE SOJA REFINADO (900 ml);RR;8.99;8.90;9.59;8.53;8.74;6.93;6.62;6.76;6.78;6.55;6.46
OLEO DE SOJA REFINADO (900 ml);RS;9.51;8.53;7.81;8.69;6.53;6.44;6.37;6.42;6.29;6.36;5.91
OLEO DE SOJA REFINADO (900 ml);SC;8.06;7.49;7.21;6.87;6.12;5.70;5.56;5.46;5.54;5.56;5.55
OLEO DE SOJA REFINADO (900 ml);SE;8.87;8.78;8.69;8.66;8.11;7.04;6.61;6.89;6.84;7.03;6.60
OLEO DE SOJA REFINADO (900 ml);SP;8.61;8.37;8.01;7.67;7.47;6.39;6.41;5.94;5.82;5.58;5.73
OLEO DE SOJA REFINADO (900 ml);TO;8.41;8.61;7.70;7.28;7.32;7.11;6.10;6.10;6.29;6.26;6.25
PÃO FRANCÊS (kg);AC;11.00;11.00;11.00;11.00;11.00;11.00;11.00;11.00;11.00;11.00;11.00
PÃO FRANCÊS (kg);AL;12.36;12.37;12.27;12.51;12.68;12.71;12.75;12.47;12.84;12.59;12.86
PÃO FRANCÊS (kg);AM;11.21;9.79;11.28;11.65;11.77;10.97;10.53;10.70;11.16;10.96;11.19
PÃO FRANCÊS (kg);BA;11.48;10.15;10.49;10.73;11.49;10.56;9.94;10.16;10.14;9.56;9.32
PÃO FRANCÊS (kg);CE;18.60;18.91;19.31;19.30;20.96;20.80;20.66;20.76;20.42;20.32;17.96
PÃO FRANCÊS (kg);DF;13.47;13.74;12.99;12.99;12.99;12.31;11.99;12.99;13.21;12.94;12.99
PÃO FRANCÊS (kg);ES;20.03;20.22;15.79;18.37;18.25;18.21;17.64;17.39;17.17;14.73;14.87
PÃO FRANCÊS (kg);GO;17.01;16.88;17.20;16.51;14.66;16.70;17.05;16.59;15.96;15.98;15.88
PÃO FRANCÊS (kg);MA;19.90;19.90;18.94;19.90;19.90;19.90;19.95;19.90;19.90;17.97;15.99
PÃO FRANCÊS (kg);MG;14.86;14.25;15.37;15.63;15.88;15.80;14.79;14.46;15.83;15.83;15.83
PÃO FRANCÊS (kg);MS;17.49;17.14;19.42;18.86;19.41;18.36;18.09;19.01;19.28;18.92;18.92
PÃO FRANCÊS (kg);MT;16.37;16.49;16.49;16.49;16.49;16.49;16.49;16.49;16.50;16.72;16.99
PÃO FRANCÊS (kg);PA;14.33;15.12;15.00;14.76;14.55;14.06;14.85;14.65;14.82;15.07;15.99
PÃO FRANCÊS (kg);PB;13.26;13.20;13.22;13.30;13.50;13.65;13.65;13.69;13.75;13.80;13.81
PÃO FRANCÊS (kg);PI;16.55;16.60;16.72;16.95;17.53;18.60;18.57;18.55;18.64;17.85;18.57
PÃO FRANCÊS (kg);PR;7.20;8.06;8.29;8.20;8.20;8.20;9.63;10.92;11.55;12.77;12.29
PÃO FRANCÊS (kg);RJ;15.52;15.16;15.10;15.15;15.42;15.22;15.42;15.28;15.35;15.61;14.75
PÃO FRANCÊS (kg);RN;13.41;13.63;13.64;13.61;13.71;14.00;14.14;14.05;14.39;14.47;13.97
PÃO FRANCÊS (kg);RO;11.49;12.99;12.99;10.99;12.34;12.99;12.49;10.99;11.35;10.99;11.51
PÃO FRANCÊS (kg);RR;10.97;11.42;11.79;11.82;12.26;11.42;11.50;11.26;10.97;11.01;11.00
PÃO FRANCÊS (kg);RS;13.00;13.23;13.66;12.54;13.45;13.53;13.20;14.08;13.49;13.37;13.13
PÃO FRANCÊS (kg);SC;13.25;11.84;11.95;11.95;11.49;11.92;11.89;12.08;11.92;12.80;12.68
PÃO FRANCÊS (kg);SE;12.90;11.92;12.17;12.00;12.16;12.47;12.33;12.26;12.16;14.17;14.33
PÃO FRANCÊS (kg);SP;13.98;13.98;13.99;14.24;14.28;14.39;15.62;17.98;16.06;15.88;15.25
PÃO FRANCÊS (kg);TO;18.95;19.01;18.82;18.99;18.88;18.16;18.00;17.99;17.50;17.26;17.85
POLPA DE AÇAÍ GROSSA(O) (100 g);CE;3.96;4.07;4.34;4.93;5.09;5.06;4.92;4.96;4.62;4.58;0.0
POLPA DE AÇAÍ GROSSA(O) (100 g);MA;3.19;3.13;3.22;3.17;3.21;3.28;3.17;3.19;3.13;3.10;3.13
POLPA DE AÇAÍ GROSSA(O) (500 g);PI;11.07;10.90;11.97;12.14;12.14;12.07;12.07;11.98;12.04;12.09;11.16
RAIZ DE MANDIOCA DE MESA (kg);AC;5.50;5.50;5.50;5.50;5.49;5.49;5.49;5.49;5.49;5.49;5.49
SAL IODADO (kg);RS;2.75;3.22;3.14;2.86;3.23;2.35;2.43;2.37;2.36;2.44;2.65
SAL (kg);AL;1.79;1.82;1.83;1.90;1.86;1.85;1.87;1.87;1.92;1.99;1.81
SAL (kg);CE;1.69;1.61;1.69;1.78;1.82;1.81;1.86;1.83;1.71;1.49;1.45
SAL (kg);ES;2.30;2.30;2.35;2.29;2.39;2.38;2.44;2.45;2.49;2.47;2.41
SAL (kg);GO;2.98;3.19;3.08;3.30;3.01;3.30;3.37;3.17;3.26;3.18;3.22
SAL (kg);MA;1.36;1.20;1.28;1.28;1.29;1.52;1.48;1.57;1.55;1.37;1.26
SAL (kg);MT;2.12;2.18;2.26;2.25;2.22;2.22;2.14;2.04;2.04;2.14;2.20
SAL (kg);PA;1.95;1.87;1.94;1.99;1.95;1.98;2.19;2.22;2.18;1.82;1.75
SAL (kg);PB;1.87;1.91;1.93;1.93;1.92;1.90;1.86;1.85;1.85;1.86;1.85
SAL (kg);PE;1.87;1.88;1.79;1.97;1.81;1.79;1.79;1.79;1.79;1.86;1.88
SAL (kg);PR;2.66;2.65;2.48;2.68;2.95;2.80;2.67;2.58;2.35;2.09;2.21
SAL (kg);RJ;2.91;2.72;2.85;2.91;2.82;2.82;2.89;2.87;2.87;2.74;2.98
SAL (kg);RN;1.66;1.66;1.67;1.71;1.70;1.76;1.78;1.71;1.72;1.71;1.70
SAL (kg);SE;1.51;1.67;1.66;1.67;1.71;1.51;1.42;1.68;1.69;1.69;1.64
SAL (kg);SP;2.32;2.32;2.30;2.29;2.45;2.57;2.69;2.54;2.46;2.53;2.37
SAL (kg);TO;2.94;2.88;3.13;3.45;3.31;3.23;2.89;2.77;2.47;2.45;2.24
TOMATE (20 kg);RJ;195.73;162.89;172.04;187.24;182.37;189.11;185.68;175.03;207.32;0.0;0.0
TOMATE (kg);AL;5.54;7.22;4.87;5.21;5.93;7.12;7.43;6.49;6.89;6.12;0.0
TOMATE (kg);AM;12.28;12.00;10.97;9.91;10.37;10.59;9.92;9.20;9.40;9.73;8.86
TOMATE (kg);BA;7.13;7.58;6.84;6.97;8.09;8.15;9.50;7.89;8.27;7.59;0.0
TOMATE (kg);CE;8.98;9.36;8.02;8.08;8.72;8.79;9.63;9.37;8.61;9.74;0.0
TOMATE (kg);DF;6.03;6.39;6.86;5.69;8.51;6.65;6.74;6.34;6.73;0.0;0.0
TOMATE (kg);ES;10.60;8.98;8.46;9.63;11.28;9.78;9.67;8.93;10.30;10.27;9.12
TOMATE (kg);GO;8.09;8.09;7.40;7.41;8.37;6.63;7.78;6.96;6.87;0.0;0.0
TOMATE (kg);MG;11.04;6.86;6.63;7.35;7.76;7.46;8.44;6.35;6.16;6.50;6.19
TOMATE (kg);MS;7.17;5.67;7.74;8.59;8.97;9.25;9.49;7.60;7.66;0.0;0.0
TOMATE (kg);PA;8.36;9.03;8.72;7.94;8.89;9.45;10.10;9.10;9.15;9.55;0.0
TOMATE (kg);PB;3.84;4.21;4.50;4.35;4.14;4.22;4.52;4.42;4.37;4.37;0.0
TOMATE (kg);PI;5.87;6.63;6.58;5.38;6.20;7.72;8.52;8.90;7.80;8.35;7.56
TOMATE (kg);RO;7.34;6.42;6.33;7.14;7.50;6.85;6.88;6.83;6.99;0.0;0.0
TOMATE (kg);SE;6.23;6.80;6.27;5.87;6.68;7.53;7.62;7.43;7.27;6.63;0.0
TOMATE (kg);TO;7.86;7.17;6.77;7.27;7.84;6.72;6.40;6.06;6.55;0.0;0.0
TOMATE LONGA VIDA (kg);PR;8.65;4.67;6.90;7.65;8.99;7.95;8.41;7.38;7.66;6.21;0.0
TOMATE LONGA VIDA (kg);RS;7.39;6.42;8.08;11.53;10.78;10.30;10.40;8.94;10.32;10.07;0.0
TOMATE LONGA VIDA (kg);SC;7.81;5.82;6.23;8.66;8.47;7.13;9.19;9.04;9.38;7.81;0.0
TOMATE SALADA (kg);SP;10.40;9.22;8.72;10.06;11.13;10.46;10.24;10.49;10.64;0.0;0.0
